avg_percent_funded,category,category_coverage,category_gap,category_total_people_in_need,category_total_people_targeted,code,country,funding,funding_gap,funding_per_need,funding_per_target,gap_per_person,name,overall_score,people_in_need,people_reached,people_reached_ratio,people_targeted,percent_funded,primary_location,rank,ranking_category,ranking_name,requirements,target_coverage,total_coverage,total_funding,total_funding_gap,total_funding_per_need,total_funding_per_target,total_gap_per_person,total_people_in_need,total_people_reached,total_people_targeted,total_reached_ratio,total_requirements,total_unmet_need_ratio,unmet_need_ratio
,,,,,,FPSE26,,451836549.0,3612469259.0,,,,Escalation of Hostilities in the OPT Flash Appeal 2026,,,,,,11.1,PSE,1,plan_rankings,by_funding_gap,4064305808.0,,,,,,,,,,,,,,
,,,,,,HSYR26,,437301894.0,2484882936.0,,,,Syrian Arab Republic Humanitarian Response Priorities 2026,,,,,,15.0,SYR,2,plan_rankings,by_funding_gap,2922184830.0,,,,,,,,,,,,,,
,,,,,,HSDN26,,488147337.0,2378081256.0,,,,Sudan Humanitarian Needs and Response Plan 2026,,,,,,17.0,SDN,3,plan_rankings,by_funding_gap,2866228593.0,,,,,,,,,,,,,,
,,,,,,HYEM26,,258764721.0,1903798615.0,,,,Yemen Humanitarian Needs and Response Plan 2026,,,,,,12.0,YEM,4,plan_rankings,by_funding_gap,2162563336.0,,,,,,,,,,,,,,
,,,,,,HUKR26,,640227370.0,1663734605.0,,,,Ukraine Humanitarian Needs and Response Plan 2026,,,,,,27.8,UKR,5,plan_rankings,by_funding_gap,2303961975.0,,,,,,,,,,,,,,
,,,,,,HAFG26,,214214587.0,1499966909.0,,,,Afghanistan Humanitarian Needs and Response Plan 2026,,,,,,12.5,AFG,6,plan_rankings,by_funding_gap,1714181496.0,,,,,,,,,,,,,,
,,,,,,HSSD26,,322015249.0,1141030807.0,,,,South Sudan Humanitarian Needs and Response Plan 2026,,,,,,22.0,SSD,7,plan_rankings,by_funding_gap,1463046056.0,,,,,,,,,,,,,,
,,,,,,HCOD26,,430024823.0,973696895.0,,,,République Démocratique du Congo Besoins Humanitaires et Plan de Réponse 2026,,,,,,30.6,COD,8,plan_rankings,by_funding_gap,1403721718.0,,,,,,,,,,,,,,
,,,,,,RUGA26,,13438960.0,815261040.0,,,,Uganda Regional Refugee Response Plan 2026,,,,,,1.6,UGA,9,plan_rankings,by_funding_gap,828700000.0,,,,,,,,,,,,,,
,,,,,,HTCD26,,215913333.0,770156294.0,,,,Tchad Besoins Humanitaires et Plan de Réponse 2026,,,,,,21.9,TCD,10,plan_rankings,by_funding_gap,986069627.0,,,,,,,,,,,,,,
,,,,,,HSOM26,,111250193.0,740749807.0,,,,Somalia Humanitarian Needs and Response Plan 2026,,,,,,13.1,SOM,11,plan_rankings,by_funding_gap,852000000.0,,,,,,,,,,,,,,
,,,,,,HHTI26,,172057079.0,708270347.0,,,,Haiti Besoins Humanitaires et Plan de Réponse 2026,,,,,,19.5,HTI,12,plan_rankings,by_funding_gap,880327426.0,,,,,,,,,,,,,,
,,,,,,RREG26b,,67880713.0,669592309.0,,,,Venezuela Regional Refugee and Migrant Response Plan (RMRP) 2026,,,,,,9.2,BRA,13,plan_rankings,by_funding_gap,737473022.0,,,,,,,,,,,,,,
,,,,,,HMMR26,,245472134.0,644128664.0,,,,Myanmar Humanitarian Needs and Response Plan 2026,,,,,,27.6,MMR,14,plan_rankings,by_funding_gap,889600798.0,,,,,,,,,,,,,,
,,,,,,HNER26,,66462854.0,609156735.0,,,,Niger Besoins Humanitaires et Plan de Réponse 2026,,,,,,9.8,NER,15,plan_rankings,by_funding_gap,675619589.0,,,,,,,,,,,,,,
,,,,,,HBFA26,,72939948.0,585546411.0,,,,Burkina Faso Besoins Humanitaires et Plan de Réponse 2026,,,,,,11.1,BFA,16,plan_rankings,by_funding_gap,658486359.0,,,,,,,,,,,,,,
,,,,,,HVEN26,,84012783.0,548179189.0,,,,Venezuela Plan de Respuesta Humanitaria 2026,,,,,,13.3,VEN,17,plan_rankings,by_funding_gap,632191972.0,,,,,,,,,,,,,,
,,,,,,HMLI26,,75201041.0,502665371.0,,,,Mali Besoins Humanitaires et Plan de Réponse 2026,,,,,,13.0,MLI,18,plan_rankings,by_funding_gap,577866412.0,,,,,,,,,,,,,,
,,,,,,RBGD26,,233087883.0,465287383.0,,,,Rohingya Humanitarian Crisis Joint Response Plan 2026,,,,,,33.4,BGD,19,plan_rankings,by_funding_gap,698375266.0,,,,,,,,,,,,,,
,,,,,,HMOZ26,,131262552.0,403080032.0,,,,Mozambique Humanitarian Needs and Response Plan 2026,,,,,,24.6,MOZ,20,plan_rankings,by_funding_gap,534342584.0,,,,,,,,,,,,,,
,,,,,,HNGA26,,188766423.0,327633000.0,,,,Nigeria Humanitarian Needs and Response Plan 2026,,,,,,36.6,NGA,21,plan_rankings,by_funding_gap,516399423.0,,,,,,,,,,,,,,
,,,,,,HCMR26,,66498901.0,252477320.0,,,,Cameroon Humanitarian Needs and Response Plan 2026,,,,,,20.8,CMR,22,plan_rankings,by_funding_gap,318976221.0,,,,,,,,,,,,,,
,,,,,,HCAF26,,47355888.0,216741500.0,,,,République Centrafricaine Besoins Humanitaires et Plan de Réponse 2026,,,,,,17.9,CAF,23,plan_rankings,by_funding_gap,264097388.0,,,,,,,,,,,,,,
,,,,,,HCOL26,,152365573.0,134600794.0,,,,Colombia Necesidades Humanitarias y Plan de Respuesta 2026,,,,,,53.1,COL,24,plan_rankings,by_funding_gap,286966367.0,,,,,,,,,,,,,,
,,,,,,OVNM26,,3028917.0,58103449.0,,,,Viet Nam 25-26 Joint Response Plan Multiple Typhoons and Floods 2026,,,,,,5.0,VNM,25,plan_rankings,by_funding_gap,61132366.0,,,,,,,,,,,,,,
,,,,,,OPAK26,,11011245.0,53932664.0,,,,Pakistan Floods Support Plan 2026,,,,,,17.0,PAK,26,plan_rankings,by_funding_gap,64943909.0,,,,,,,,,,,,,,
,,,,,,OLKA2526,,15834857.0,19465143.0,,,,Sri Lanka Humanitarian Priorities Plan Cyclone Ditwa 2026,,,,,,44.9,LKA,27,plan_rankings,by_funding_gap,35300000.0,,,,,,,,,,,,,,
,,,,,,RREG26,,27150666.0,-27150666.0,,,,Regional Migrant Response Plan for Horn of Africa to Yemen and Southern Africa 2026,,,,,,nan,YEM,28,plan_rankings,by_funding_gap,0.0,,,,,,,,,,,,,,
,,,,,,RJORLBNTUR26,,107634318.0,-107634318.0,,,,Syrian Arab Republic Regional Refugee and Resilience Plan (3RP) 2026,,,,,,nan,JOR,29,plan_rankings,by_funding_gap,0.0,,,,,,,,,,,,,,
,,,,,,RREG26a,,124214829.0,-124214829.0,,,,Sudan Emergency: Regional Refugee Response Plan 2026,,,,,,nan,LBY,30,plan_rankings,by_funding_gap,0.0,,,,,,,,,,,,,,
,,,,,,FPSE26,,451836549.0,3612469259.0,,,,Escalation of Hostilities in the OPT Flash Appeal 2026,,,,,,11.1,PSE,1,plan_rankings,by_requirements,4064305808.0,,,,,,,,,,,,,,
,,,,,,HSYR26,,437301894.0,2484882936.0,,,,Syrian Arab Republic Humanitarian Response Priorities 2026,,,,,,15.0,SYR,2,plan_rankings,by_requirements,2922184830.0,,,,,,,,,,,,,,
,,,,,,HSDN26,,488147337.0,2378081256.0,,,,Sudan Humanitarian Needs and Response Plan 2026,,,,,,17.0,SDN,3,plan_rankings,by_requirements,2866228593.0,,,,,,,,,,,,,,
,,,,,,HUKR26,,640227370.0,1663734605.0,,,,Ukraine Humanitarian Needs and Response Plan 2026,,,,,,27.8,UKR,4,plan_rankings,by_requirements,2303961975.0,,,,,,,,,,,,,,
,,,,,,HYEM26,,258764721.0,1903798615.0,,,,Yemen Humanitarian Needs and Response Plan 2026,,,,,,12.0,YEM,5,plan_rankings,by_requirements,2162563336.0,,,,,,,,,,,,,,
,,,,,,HAFG26,,214214587.0,1499966909.0,,,,Afghanistan Humanitarian Needs and Response Plan 2026,,,,,,12.5,AFG,6,plan_rankings,by_requirements,1714181496.0,,,,,,,,,,,,,,
,,,,,,HSSD26,,322015249.0,1141030807.0,,,,South Sudan Humanitarian Needs and Response Plan 2026,,,,,,22.0,SSD,7,plan_rankings,by_requirements,1463046056.0,,,,,,,,,,,,,,
,,,,,,HCOD26,,430024823.0,973696895.0,,,,République Démocratique du Congo Besoins Humanitaires et Plan de Réponse 2026,,,,,,30.6,COD,8,plan_rankings,by_requirements,1403721718.0,,,,,,,,,,,,,,
,,,,,,HTCD26,,215913333.0,770156294.0,,,,Tchad Besoins Humanitaires et Plan de Réponse 2026,,,,,,21.9,TCD,9,plan_rankings,by_requirements,986069627.0,,,,,,,,,,,,,,
,,,,,,HMMR26,,245472134.0,644128664.0,,,,Myanmar Humanitarian Needs and Response Plan 2026,,,,,,27.6,MMR,10,plan_rankings,by_requirements,889600798.0,,,,,,,,,,,,,,
,,,,,,HHTI26,,172057079.0,708270347.0,,,,Haiti Besoins Humanitaires et Plan de Réponse 2026,,,,,,19.5,HTI,11,plan_rankings,by_requirements,880327426.0,,,,,,,,,,,,,,
,,,,,,HSOM26,,111250193.0,740749807.0,,,,Somalia Humanitarian Needs and Response Plan 2026,,,,,,13.1,SOM,12,plan_rankings,by_requirements,852000000.0,,,,,,,,,,,,,,
,,,,,,RUGA26,,13438960.0,815261040.0,,,,Uganda Regional Refugee Response Plan 2026,,,,,,1.6,UGA,13,plan_rankings,by_requirements,828700000.0,,,,,,,,,,,,,,
,,,,,,RREG26b,,67880713.0,669592309.0,,,,Venezuela Regional Refugee and Migrant Response Plan (RMRP) 2026,,,,,,9.2,BRA,14,plan_rankings,by_requirements,737473022.0,,,,,,,,,,,,,,
,,,,,,RBGD26,,233087883.0,465287383.0,,,,Rohingya Humanitarian Crisis Joint Response Plan 2026,,,,,,33.4,BGD,15,plan_rankings,by_requirements,698375266.0,,,,,,,,,,,,,,
,,,,,,HNER26,,66462854.0,609156735.0,,,,Niger Besoins Humanitaires et Plan de Réponse 2026,,,,,,9.8,NER,16,plan_rankings,by_requirements,675619589.0,,,,,,,,,,,,,,
,,,,,,HBFA26,,72939948.0,585546411.0,,,,Burkina Faso Besoins Humanitaires et Plan de Réponse 2026,,,,,,11.1,BFA,17,plan_rankings,by_requirements,658486359.0,,,,,,,,,,,,,,
,,,,,,HVEN26,,84012783.0,548179189.0,,,,Venezuela Plan de Respuesta Humanitaria 2026,,,,,,13.3,VEN,18,plan_rankings,by_requirements,632191972.0,,,,,,,,,,,,,,
,,,,,,HMLI26,,75201041.0,502665371.0,,,,Mali Besoins Humanitaires et Plan de Réponse 2026,,,,,,13.0,MLI,19,plan_rankings,by_requirements,577866412.0,,,,,,,,,,,,,,
,,,,,,HMOZ26,,131262552.0,403080032.0,,,,Mozambique Humanitarian Needs and Response Plan 2026,,,,,,24.6,MOZ,20,plan_rankings,by_requirements,534342584.0,,,,,,,,,,,,,,
,,,,,,HNGA26,,188766423.0,327633000.0,,,,Nigeria Humanitarian Needs and Response Plan 2026,,,,,,36.6,NGA,21,plan_rankings,by_requirements,516399423.0,,,,,,,,,,,,,,
,,,,,,HCMR26,,66498901.0,252477320.0,,,,Cameroon Humanitarian Needs and Response Plan 2026,,,,,,20.8,CMR,22,plan_rankings,by_requirements,318976221.0,,,,,,,,,,,,,,
,,,,,,HCOL26,,152365573.0,134600794.0,,,,Colombia Necesidades Humanitarias y Plan de Respuesta 2026,,,,,,53.1,COL,23,plan_rankings,by_requirements,286966367.0,,,,,,,,,,,,,,
,,,,,,HCAF26,,47355888.0,216741500.0,,,,République Centrafricaine Besoins Humanitaires et Plan de Réponse 2026,,,,,,17.9,CAF,24,plan_rankings,by_requirements,264097388.0,,,,,,,,,,,,,,
,,,,,,OPAK26,,11011245.0,53932664.0,,,,Pakistan Floods Support Plan 2026,,,,,,17.0,PAK,25,plan_rankings,by_requirements,64943909.0,,,,,,,,,,,,,,
,,,,,,OVNM26,,3028917.0,58103449.0,,,,Viet Nam 25-26 Joint Response Plan Multiple Typhoons and Floods 2026,,,,,,5.0,VNM,26,plan_rankings,by_requirements,61132366.0,,,,,,,,,,,,,,
,,,,,,OLKA2526,,15834857.0,19465143.0,,,,Sri Lanka Humanitarian Priorities Plan Cyclone Ditwa 2026,,,,,,44.9,LKA,27,plan_rankings,by_requirements,35300000.0,,,,,,,,,,,,,,
,,,,,,RREG26,,27150666.0,-27150666.0,,,,Regional Migrant Response Plan for Horn of Africa to Yemen and Southern Africa 2026,,,,,,nan,YEM,28,plan_rankings,by_requirements,0.0,,,,,,,,,,,,,,
,,,,,,RJORLBNTUR26,,107634318.0,-107634318.0,,,,Syrian Arab Republic Regional Refugee and Resilience Plan (3RP) 2026,,,,,,nan,JOR,29,plan_rankings,by_requirements,0.0,,,,,,,,,,,,,,
,,,,,,RREG26a,,124214829.0,-124214829.0,,,,Sudan Emergency: Regional Refugee Response Plan 2026,,,,,,nan,LBY,30,plan_rankings,by_requirements,0.0,,,,,,,,,,,,,,
,,,,,,HUKR26,,640227370.0,1663734605.0,,,,Ukraine Humanitarian Needs and Response Plan 2026,,,,,,27.8,UKR,1,plan_rankings,by_funding,2303961975.0,,,,,,,,,,,,,,
,,,,,,HSDN26,,488147337.0,2378081256.0,,,,Sudan Humanitarian Needs and Response Plan 2026,,,,,,17.0,SDN,2,plan_rankings,by_funding,2866228593.0,,,,,,,,,,,,,,
,,,,,,FPSE26,,451836549.0,3612469259.0,,,,Escalation of Hostilities in the OPT Flash Appeal 2026,,,,,,11.1,PSE,3,plan_rankings,by_funding,4064305808.0,,,,,,,,,,,,,,
,,,,,,HSYR26,,437301894.0,2484882936.0,,,,Syrian Arab Republic Humanitarian Response Priorities 2026,,,,,,15.0,SYR,4,plan_rankings,by_funding,2922184830.0,,,,,,,,,,,,,,
,,,,,,HCOD26,,430024823.0,973696895.0,,,,République Démocratique du Congo Besoins Humanitaires et Plan de Réponse 2026,,,,,,30.6,COD,5,plan_rankings,by_funding,1403721718.0,,,,,,,,,,,,,,
,,,,,,HSSD26,,322015249.0,1141030807.0,,,,South Sudan Humanitarian Needs and Response Plan 2026,,,,,,22.0,SSD,6,plan_rankings,by_funding,1463046056.0,,,,,,,,,,,,,,
,,,,,,HYEM26,,258764721.0,1903798615.0,,,,Yemen Humanitarian Needs and Response Plan 2026,,,,,,12.0,YEM,7,plan_rankings,by_funding,2162563336.0,,,,,,,,,,,,,,
,,,,,,HMMR26,,245472134.0,644128664.0,,,,Myanmar Humanitarian Needs and Response Plan 2026,,,,,,27.6,MMR,8,plan_rankings,by_funding,889600798.0,,,,,,,,,,,,,,
,,,,,,RBGD26,,233087883.0,465287383.0,,,,Rohingya Humanitarian Crisis Joint Response Plan 2026,,,,,,33.4,BGD,9,plan_rankings,by_funding,698375266.0,,,,,,,,,,,,,,
,,,,,,HTCD26,,215913333.0,770156294.0,,,,Tchad Besoins Humanitaires et Plan de Réponse 2026,,,,,,21.9,TCD,10,plan_rankings,by_funding,986069627.0,,,,,,,,,,,,,,
,,,,,,HAFG26,,214214587.0,1499966909.0,,,,Afghanistan Humanitarian Needs and Response Plan 2026,,,,,,12.5,AFG,11,plan_rankings,by_funding,1714181496.0,,,,,,,,,,,,,,
,,,,,,HNGA26,,188766423.0,327633000.0,,,,Nigeria Humanitarian Needs and Response Plan 2026,,,,,,36.6,NGA,12,plan_rankings,by_funding,516399423.0,,,,,,,,,,,,,,
,,,,,,HHTI26,,172057079.0,708270347.0,,,,Haiti Besoins Humanitaires et Plan de Réponse 2026,,,,,,19.5,HTI,13,plan_rankings,by_funding,880327426.0,,,,,,,,,,,,,,
,,,,,,HCOL26,,152365573.0,134600794.0,,,,Colombia Necesidades Humanitarias y Plan de Respuesta 2026,,,,,,53.1,COL,14,plan_rankings,by_funding,286966367.0,,,,,,,,,,,,,,
,,,,,,HMOZ26,,131262552.0,403080032.0,,,,Mozambique Humanitarian Needs and Response Plan 2026,,,,,,24.6,MOZ,15,plan_rankings,by_funding,534342584.0,,,,,,,,,,,,,,
,,,,,,RREG26a,,124214829.0,-124214829.0,,,,Sudan Emergency: Regional Refugee Response Plan 2026,,,,,,nan,LBY,16,plan_rankings,by_funding,0.0,,,,,,,,,,,,,,
,,,,,,HSOM26,,111250193.0,740749807.0,,,,Somalia Humanitarian Needs and Response Plan 2026,,,,,,13.1,SOM,17,plan_rankings,by_funding,852000000.0,,,,,,,,,,,,,,
,,,,,,RJORLBNTUR26,,107634318.0,-107634318.0,,,,Syrian Arab Republic Regional Refugee and Resilience Plan (3RP) 2026,,,,,,nan,JOR,18,plan_rankings,by_funding,0.0,,,,,,,,,,,,,,
,,,,,,HVEN26,,84012783.0,548179189.0,,,,Venezuela Plan de Respuesta Humanitaria 2026,,,,,,13.3,VEN,19,plan_rankings,by_funding,632191972.0,,,,,,,,,,,,,,
,,,,,,HMLI26,,75201041.0,502665371.0,,,,Mali Besoins Humanitaires et Plan de Réponse 2026,,,,,,13.0,MLI,20,plan_rankings,by_funding,577866412.0,,,,,,,,,,,,,,
,,,,,,HBFA26,,72939948.0,585546411.0,,,,Burkina Faso Besoins Humanitaires et Plan de Réponse 2026,,,,,,11.1,BFA,21,plan_rankings,by_funding,658486359.0,,,,,,,,,,,,,,
,,,,,,RREG26b,,67880713.0,669592309.0,,,,Venezuela Regional Refugee and Migrant Response Plan (RMRP) 2026,,,,,,9.2,BRA,22,plan_rankings,by_funding,737473022.0,,,,,,,,,,,,,,
,,,,,,HCMR26,,66498901.0,252477320.0,,,,Cameroon Humanitarian Needs and Response Plan 2026,,,,,,20.8,CMR,23,plan_rankings,by_funding,318976221.0,,,,,,,,,,,,,,
,,,,,,HNER26,,66462854.0,609156735.0,,,,Niger Besoins Humanitaires et Plan de Réponse 2026,,,,,,9.8,NER,24,plan_rankings,by_funding,675619589.0,,,,,,,,,,,,,,
,,,,,,HCAF26,,47355888.0,216741500.0,,,,République Centrafricaine Besoins Humanitaires et Plan de Réponse 2026,,,,,,17.9,CAF,25,plan_rankings,by_funding,264097388.0,,,,,,,,,,,,,,
,,,,,,RREG26,,27150666.0,-27150666.0,,,,Regional Migrant Response Plan for Horn of Africa to Yemen and Southern Africa 2026,,,,,,nan,YEM,26,plan_rankings,by_funding,0.0,,,,,,,,,,,,,,
,,,,,,OLKA2526,,15834857.0,19465143.0,,,,Sri Lanka Humanitarian Priorities Plan Cyclone Ditwa 2026,,,,,,44.9,LKA,27,plan_rankings,by_funding,35300000.0,,,,,,,,,,,,,,
,,,,,,RUGA26,,13438960.0,815261040.0,,,,Uganda Regional Refugee Response Plan 2026,,,,,,1.6,UGA,28,plan_rankings,by_funding,828700000.0,,,,,,,,,,,,,,
,,,,,,OPAK26,,11011245.0,53932664.0,,,,Pakistan Floods Support Plan 2026,,,,,,17.0,PAK,29,plan_rankings,by_funding,64943909.0,,,,,,,,,,,,,,
,,,,,,OVNM26,,3028917.0,58103449.0,,,,Viet Nam 25-26 Joint Response Plan Multiple Typhoons and Floods 2026,,,,,,5.0,VNM,30,plan_rankings,by_funding,61132366.0,,,,,,,,,,,,,,
,,,,,,RUGA26,,13438960.0,815261040.0,,,,Uganda Regional Refugee Response Plan 2026,,,,,,1.6,UGA,1,plan_rankings,by_percent_funded,828700000.0,,,,,,,,,,,,,,
,,,,,,OVNM26,,3028917.0,58103449.0,,,,Viet Nam 25-26 Joint Response Plan Multiple Typhoons and Floods 2026,,,,,,5.0,VNM,2,plan_rankings,by_percent_funded,61132366.0,,,,,,,,,,,,,,
,,,,,,RREG26b,,67880713.0,669592309.0,,,,Venezuela Regional Refugee and Migrant Response Plan (RMRP) 2026,,,,,,9.2,BRA,3,plan_rankings,by_percent_funded,737473022.0,,,,,,,,,,,,,,
,,,,,,HNER26,,66462854.0,609156735.0,,,,Niger Besoins Humanitaires et Plan de Réponse 2026,,,,,,9.8,NER,4,plan_rankings,by_percent_funded,675619589.0,,,,,,,,,,,,,,
,,,,,,HBFA26,,72939948.0,585546411.0,,,,Burkina Faso Besoins Humanitaires et Plan de Réponse 2026,,,,,,11.1,BFA,5,plan_rankings,by_percent_funded,658486359.0,,,,,,,,,,,,,,
,,,,,,FPSE26,,451836549.0,3612469259.0,,,,Escalation of Hostilities in the OPT Flash Appeal 2026,,,,,,11.1,PSE,6,plan_rankings,by_percent_funded,4064305808.0,,,,,,,,,,,,,,
,,,,,,HYEM26,,258764721.0,1903798615.0,,,,Yemen Humanitarian Needs and Response Plan 2026,,,,,,12.0,YEM,7,plan_rankings,by_percent_funded,2162563336.0,,,,,,,,,,,,,,
,,,,,,HAFG26,,214214587.0,1499966909.0,,,,Afghanistan Humanitarian Needs and Response Plan 2026,,,,,,12.5,AFG,8,plan_rankings,by_percent_funded,1714181496.0,,,,,,,,,,,,,,
,,,,,,HMLI26,,75201041.0,502665371.0,,,,Mali Besoins Humanitaires et Plan de Réponse 2026,,,,,,13.0,MLI,9,plan_rankings,by_percent_funded,577866412.0,,,,,,,,,,,,,,
,,,,,,HSOM26,,111250193.0,740749807.0,,,,Somalia Humanitarian Needs and Response Plan 2026,,,,,,13.1,SOM,10,plan_rankings,by_percent_funded,852000000.0,,,,,,,,,,,,,,
,,,,,,HVEN26,,84012783.0,548179189.0,,,,Venezuela Plan de Respuesta Humanitaria 2026,,,,,,13.3,VEN,11,plan_rankings,by_percent_funded,632191972.0,,,,,,,,,,,,,,
,,,,,,HSYR26,,437301894.0,2484882936.0,,,,Syrian Arab Republic Humanitarian Response Priorities 2026,,,,,,15.0,SYR,12,plan_rankings,by_percent_funded,2922184830.0,,,,,,,,,,,,,,
,,,,,,HSDN26,,488147337.0,2378081256.0,,,,Sudan Humanitarian Needs and Response Plan 2026,,,,,,17.0,SDN,13,plan_rankings,by_percent_funded,2866228593.0,,,,,,,,,,,,,,
,,,,,,OPAK26,,11011245.0,53932664.0,,,,Pakistan Floods Support Plan 2026,,,,,,17.0,PAK,14,plan_rankings,by_percent_funded,64943909.0,,,,,,,,,,,,,,
,,,,,,HCAF26,,47355888.0,216741500.0,,,,République Centrafricaine Besoins Humanitaires et Plan de Réponse 2026,,,,,,17.9,CAF,15,plan_rankings,by_percent_funded,264097388.0,,,,,,,,,,,,,,
,,,,,,HHTI26,,172057079.0,708270347.0,,,,Haiti Besoins Humanitaires et Plan de Réponse 2026,,,,,,19.5,HTI,16,plan_rankings,by_percent_funded,880327426.0,,,,,,,,,,,,,,
,,,,,,HCMR26,,66498901.0,252477320.0,,,,Cameroon Humanitarian Needs and Response Plan 2026,,,,,,20.8,CMR,17,plan_rankings,by_percent_funded,318976221.0,,,,,,,,,,,,,,
,,,,,,HTCD26,,215913333.0,770156294.0,,,,Tchad Besoins Humanitaires et Plan de Réponse 2026,,,,,,21.9,TCD,18,plan_rankings,by_percent_funded,986069627.0,,,,,,,,,,,,,,
,,,,,,HSSD26,,322015249.0,1141030807.0,,,,South Sudan Humanitarian Needs and Response Plan 2026,,,,,,22.0,SSD,19,plan_rankings,by_percent_funded,1463046056.0,,,,,,,,,,,,,,
,,,,,,HMOZ26,,131262552.0,403080032.0,,,,Mozambique Humanitarian Needs and Response Plan 2026,,,,,,24.6,MOZ,20,plan_rankings,by_percent_funded,534342584.0,,,,,,,,,,,,,,
,,,,,,HMMR26,,245472134.0,644128664.0,,,,Myanmar Humanitarian Needs and Response Plan 2026,,,,,,27.6,MMR,21,plan_rankings,by_percent_funded,889600798.0,,,,,,,,,,,,,,
,,,,,,HUKR26,,640227370.0,1663734605.0,,,,Ukraine Humanitarian Needs and Response Plan 2026,,,,,,27.8,UKR,22,plan_rankings,by_percent_funded,2303961975.0,,,,,,,,,,,,,,
,,,,,,HCOD26,,430024823.0,973696895.0,,,,République Démocratique du Congo Besoins Humanitaires et Plan de Réponse 2026,,,,,,30.6,COD,23,plan_rankings,by_percent_funded,1403721718.0,,,,,,,,,,,,,,
,,,,,,RBGD26,,233087883.0,465287383.0,,,,Rohingya Humanitarian Crisis Joint Response Plan 2026,,,,,,33.4,BGD,24,plan_rankings,by_percent_funded,698375266.0,,,,,,,,,,,,,,
,,,,,,HNGA26,,188766423.0,327633000.0,,,,Nigeria Humanitarian Needs and Response Plan 2026,,,,,,36.6,NGA,25,plan_rankings,by_percent_funded,516399423.0,,,,,,,,,,,,,,
,,,,,,OLKA2526,,15834857.0,19465143.0,,,,Sri Lanka Humanitarian Priorities Plan Cyclone Ditwa 2026,,,,,,44.9,LKA,26,plan_rankings,by_percent_funded,35300000.0,,,,,,,,,,,,,,
,,,,,,HCOL26,,152365573.0,134600794.0,,,,Colombia Necesidades Humanitarias y Plan de Respuesta 2026,,,,,,53.1,COL,27,plan_rankings,by_percent_funded,286966367.0,,,,,,,,,,,,,,
,,,,,,RREG26,,27150666.0,-27150666.0,,,,Regional Migrant Response Plan for Horn of Africa to Yemen and Southern Africa 2026,,,,,,nan,YEM,28,plan_rankings,by_percent_funded,0.0,,,,,,,,,,,,,,
,,,,,,RJORLBNTUR26,,107634318.0,-107634318.0,,,,Syrian Arab Republic Regional Refugee and Resilience Plan (3RP) 2026,,,,,,nan,JOR,29,plan_rankings,by_percent_funded,0.0,,,,,,,,,,,,,,
,,,,,,RREG26a,,124214829.0,-124214829.0,,,,Sudan Emergency: Regional Refugee Response Plan 2026,,,,,,nan,LBY,30,plan_rankings,by_percent_funded,0.0,,,,,,,,,,,,,,
,,,,,,HSDN26,,,,,,,Sudan Humanitarian Needs and Response Plan 2026,,33699770.0,0.0,,20419163.0,,SDN,1,plan_rankings,by_people_in_need,,,,,,,,,,,,,,,
,,,,,,HYEM26,,,,,,,Yemen Humanitarian Needs and Response Plan 2026,,23100000.0,0.0,,10500000.0,,YEM,2,plan_rankings,by_people_in_need,,,,,,,,,,,,,,,
,,,,,,RREG26,,,,,,,Regional Migrant Response Plan for Horn of Africa to Yemen and Southern Africa 2026,,23100000.0,0.0,,10500000.0,,YEM,3,plan_rankings,by_people_in_need,,,,,,,,,,,,,,,
,,,,,,HAFG26,,,,,,,Afghanistan Humanitarian Needs and Response Plan 2026,,21889283.0,0.0,,17479657.0,,AFG,4,plan_rankings,by_people_in_need,,,,,,,,,,,,,,,
,,,,,,HSYR26,,,,,,,Syrian Arab Republic Humanitarian Response Priorities 2026,,16500000.0,0.0,,10300000.0,,SYR,5,plan_rankings,by_people_in_need,,,,,,,,,,,,,,,
,,,,,,HMMR26,,,,,,,Myanmar Humanitarian Needs and Response Plan 2026,,16229050.0,0.0,,4868096.0,,MMR,6,plan_rankings,by_people_in_need,,,,,,,,,,,,,,,
,,,,,,HCOD26,,,,,,,République Démocratique du Congo Besoins Humanitaires et Plan de Réponse 2026,,14940727.0,0.0,,7313763.0,,COD,7,plan_rankings,by_people_in_need,,,,,,,,,,,,,,,
,,,,,,HUKR26,,,,,,,Ukraine Humanitarian Needs and Response Plan 2026,,10849697.0,0.0,,4118954.0,,UKR,8,plan_rankings,by_people_in_need,,,,,,,,,,,,,,,
,,,,,,HSSD26,,,,,,,South Sudan Humanitarian Needs and Response Plan 2026,,9913863.0,0.0,,4343435.0,,SSD,9,plan_rankings,by_people_in_need,,,,,,,,,,,,,,,
,,,,,,HVEN26,,,,,,,Venezuela Plan de Respuesta Humanitaria 2026,,7900000.0,0.0,,5400000.0,,VEN,10,plan_rankings,by_people_in_need,,,,,,,,,,,,,,,
,,,,,,HCOL26,,,,,,,Colombia Necesidades Humanitarias y Plan de Respuesta 2026,,6900000.0,0.0,,2600000.0,,COL,11,plan_rankings,by_people_in_need,,,,,,,,,,,,,,,
,,,,,,HHTI26,,,,,,,Haiti Besoins Humanitaires et Plan de Réponse 2026,,6414193.0,0.0,,4162202.0,,HTI,12,plan_rankings,by_people_in_need,,,,,,,,,,,,,,,
,,,,,,HNGA26,,,,,,,Nigeria Humanitarian Needs and Response Plan 2026,,5900000.0,0.0,,2500000.0,,NGA,13,plan_rankings,by_people_in_need,,,,,,,,,,,,,,,
,,,,,,HMLI26,,,,,,,Mali Besoins Humanitaires et Plan de Réponse 2026,,5100000.0,0.0,,3800000.0,,MLI,14,plan_rankings,by_people_in_need,,,,,,,,,,,,,,,
,,,,,,HSOM26,,,,,,,Somalia Humanitarian Needs and Response Plan 2026,,4796040.0,0.0,,2430751.0,,SOM,15,plan_rankings,by_people_in_need,,,,,,,,,,,,,,,
,,,,,,HTCD26,,,,,,,Tchad Besoins Humanitaires et Plan de Réponse 2026,,4509014.0,0.0,,3352810.0,,TCD,16,plan_rankings,by_people_in_need,,,,,,,,,,,,,,,
,,,,,,HBFA26,,,,,,,Burkina Faso Besoins Humanitaires et Plan de Réponse 2026,,4400000.0,0.0,,3100000.0,,BFA,17,plan_rankings,by_people_in_need,,,,,,,,,,,,,,,
,,,,,,HCMR26,,,,,,,Cameroon Humanitarian Needs and Response Plan 2026,,2900000.0,0.0,,1800000.0,,CMR,18,plan_rankings,by_people_in_need,,,,,,,,,,,,,,,
,,,,,,HNER26,,,,,,,Niger Besoins Humanitaires et Plan de Réponse 2026,,2600000.0,0.0,,1600000.0,,NER,19,plan_rankings,by_people_in_need,,,,,,,,,,,,,,,
,,,,,,HMOZ26,,,,,,,Mozambique Humanitarian Needs and Response Plan 2026,,2356162.0,0.0,,1745582.0,,MOZ,20,plan_rankings,by_people_in_need,,,,,,,,,,,,,,,
,,,,,,HCAF26,,,,,,,République Centrafricaine Besoins Humanitaires et Plan de Réponse 2026,,2286959.0,0.0,,1265483.0,,CAF,21,plan_rankings,by_people_in_need,,,,,,,,,,,,,,,
,,,,,,FPSE26,,,,,,,Escalation of Hostilities in the OPT Flash Appeal 2026,,nan,nan,,nan,,PSE,22,plan_rankings,by_people_in_need,,,,,,,,,,,,,,,
,,,,,,RUGA26,,,,,,,Uganda Regional Refugee Response Plan 2026,,nan,nan,,nan,,UGA,23,plan_rankings,by_people_in_need,,,,,,,,,,,,,,,
,,,,,,RREG26b,,,,,,,Venezuela Regional Refugee and Migrant Response Plan (RMRP) 2026,,nan,nan,,nan,,BRA,24,plan_rankings,by_people_in_need,,,,,,,,,,,,,,,
,,,,,,RBGD26,,,,,,,Rohingya Humanitarian Crisis Joint Response Plan 2026,,nan,nan,,nan,,BGD,25,plan_rankings,by_people_in_need,,,,,,,,,,,,,,,
,,,,,,OPAK26,,,,,,,Pakistan Floods Support Plan 2026,,nan,nan,,nan,,PAK,26,plan_rankings,by_people_in_need,,,,,,,,,,,,,,,
,,,,,,OVNM26,,,,,,,Viet Nam 25-26 Joint Response Plan Multiple Typhoons and Floods 2026,,nan,nan,,nan,,VNM,27,plan_rankings,by_people_in_need,,,,,,,,,,,,,,,
,,,,,,OLKA2526,,,,,,,Sri Lanka Humanitarian Priorities Plan Cyclone Ditwa 2026,,nan,nan,,nan,,LKA,28,plan_rankings,by_people_in_need,,,,,,,,,,,,,,,
,,,,,,RJORLBNTUR26,,,,,,,Syrian Arab Republic Regional Refugee and Resilience Plan (3RP) 2026,,nan,nan,,nan,,JOR,29,plan_rankings,by_people_in_need,,,,,,,,,,,,,,,
,,,,,,RREG26a,,,,,,,Sudan Emergency: Regional Refugee Response Plan 2026,,nan,nan,,nan,,LBY,30,plan_rankings,by_people_in_need,,,,,,,,,,,,,,,
,,,,,,HAFG26,,,,,,,Afghanistan Humanitarian Needs and Response Plan 2026,,21889283.0,,,17479657.0,,AFG,1,plan_rankings,by_target_coverage,,,,,,,,,,,,,,,
,,,,,,HMLI26,,,,,,,Mali Besoins Humanitaires et Plan de Réponse 2026,,5100000.0,,,3800000.0,,MLI,2,plan_rankings,by_target_coverage,,,,,,,,,,,,,,,
,,,,,,HTCD26,,,,,,,Tchad Besoins Humanitaires et Plan de Réponse 2026,,4509014.0,,,3352810.0,,TCD,3,plan_rankings,by_target_coverage,,,,,,,,,,,,,,,
,,,,,,HMOZ26,,,,,,,Mozambique Humanitarian Needs and Response Plan 2026,,2356162.0,,,1745582.0,,MOZ,4,plan_rankings,by_target_coverage,,,,,,,,,,,,,,,
,,,,,,HBFA26,,,,,,,Burkina Faso Besoins Humanitaires et Plan de Réponse 2026,,4400000.0,,,3100000.0,,BFA,5,plan_rankings,by_target_coverage,,,,,,,,,,,,,,,
,,,,,,HVEN26,,,,,,,Venezuela Plan de Respuesta Humanitaria 2026,,7900000.0,,,5400000.0,,VEN,6,plan_rankings,by_target_coverage,,,,,,,,,,,,,,,
,,,,,,HHTI26,,,,,,,Haiti Besoins Humanitaires et Plan de Réponse 2026,,6414193.0,,,4162202.0,,HTI,7,plan_rankings,by_target_coverage,,,,,,,,,,,,,,,
,,,,,,HSYR26,,,,,,,Syrian Arab Republic Humanitarian Response Priorities 2026,,16500000.0,,,10300000.0,,SYR,8,plan_rankings,by_target_coverage,,,,,,,,,,,,,,,
,,,,,,HCMR26,,,,,,,Cameroon Humanitarian Needs and Response Plan 2026,,2900000.0,,,1800000.0,,CMR,9,plan_rankings,by_target_coverage,,,,,,,,,,,,,,,
,,,,,,HNER26,,,,,,,Niger Besoins Humanitaires et Plan de Réponse 2026,,2600000.0,,,1600000.0,,NER,10,plan_rankings,by_target_coverage,,,,,,,,,,,,,,,
,,,,,,HSDN26,,,,,,,Sudan Humanitarian Needs and Response Plan 2026,,33699770.0,,,20419163.0,,SDN,11,plan_rankings,by_target_coverage,,,,,,,,,,,,,,,
,,,,,,HCAF26,,,,,,,République Centrafricaine Besoins Humanitaires et Plan de Réponse 2026,,2286959.0,,,1265483.0,,CAF,12,plan_rankings,by_target_coverage,,,,,,,,,,,,,,,
,,,,,,HSOM26,,,,,,,Somalia Humanitarian Needs and Response Plan 2026,,4796040.0,,,2430751.0,,SOM,13,plan_rankings,by_target_coverage,,,,,,,,,,,,,,,
,,,,,,HCOD26,,,,,,,République Démocratique du Congo Besoins Humanitaires et Plan de Réponse 2026,,14940727.0,,,7313763.0,,COD,14,plan_rankings,by_target_coverage,,,,,,,,,,,,,,,
,,,,,,HYEM26,,,,,,,Yemen Humanitarian Needs and Response Plan 2026,,23100000.0,,,10500000.0,,YEM,15,plan_rankings,by_target_coverage,,,,,,,,,,,,,,,
,,,,,,RREG26,,,,,,,Regional Migrant Response Plan for Horn of Africa to Yemen and Southern Africa 2026,,23100000.0,,,10500000.0,,YEM,16,plan_rankings,by_target_coverage,,,,,,,,,,,,,,,
,,,,,,HSSD26,,,,,,,South Sudan Humanitarian Needs and Response Plan 2026,,9913863.0,,,4343435.0,,SSD,17,plan_rankings,by_target_coverage,,,,,,,,,,,,,,,
,,,,,,HNGA26,,,,,,,Nigeria Humanitarian Needs and Response Plan 2026,,5900000.0,,,2500000.0,,NGA,18,plan_rankings,by_target_coverage,,,,,,,,,,,,,,,
,,,,,,HUKR26,,,,,,,Ukraine Humanitarian Needs and Response Plan 2026,,10849697.0,,,4118954.0,,UKR,19,plan_rankings,by_target_coverage,,,,,,,,,,,,,,,
,,,,,,HCOL26,,,,,,,Colombia Necesidades Humanitarias y Plan de Respuesta 2026,,6900000.0,,,2600000.0,,COL,20,plan_rankings,by_target_coverage,,,,,,,,,,,,,,,
,,,,,,HMMR26,,,,,,,Myanmar Humanitarian Needs and Response Plan 2026,,16229050.0,,,4868096.0,,MMR,21,plan_rankings,by_target_coverage,,,,,,,,,,,,,,,
,,,,,,FPSE26,,,,,,,Escalation of Hostilities in the OPT Flash Appeal 2026,,nan,,,nan,,PSE,22,plan_rankings,by_target_coverage,,,,,,,,,,,,,,,
,,,,,,RUGA26,,,,,,,Uganda Regional Refugee Response Plan 2026,,nan,,,nan,,UGA,23,plan_rankings,by_target_coverage,,,,,,,,,,,,,,,
,,,,,,RREG26b,,,,,,,Venezuela Regional Refugee and Migrant Response Plan (RMRP) 2026,,nan,,,nan,,BRA,24,plan_rankings,by_target_coverage,,,,,,,,,,,,,,,
,,,,,,RBGD26,,,,,,,Rohingya Humanitarian Crisis Joint Response Plan 2026,,nan,,,nan,,BGD,25,plan_rankings,by_target_coverage,,,,,,,,,,,,,,,
,,,,,,OPAK26,,,,,,,Pakistan Floods Support Plan 2026,,nan,,,nan,,PAK,26,plan_rankings,by_target_coverage,,,,,,,,,,,,,,,
,,,,,,OVNM26,,,,,,,Viet Nam 25-26 Joint Response Plan Multiple Typhoons and Floods 2026,,nan,,,nan,,VNM,27,plan_rankings,by_target_coverage,,,,,,,,,,,,,,,
,,,,,,OLKA2526,,,,,,,Sri Lanka Humanitarian Priorities Plan Cyclone Ditwa 2026,,nan,,,nan,,LKA,28,plan_rankings,by_target_coverage,,,,,,,,,,,,,,,
,,,,,,RJORLBNTUR26,,,,,,,Syrian Arab Republic Regional Refugee and Resilience Plan (3RP) 2026,,nan,,,nan,,JOR,29,plan_rankings,by_target_coverage,,,,,,,,,,,,,,,
,,,,,,RREG26a,,,,,,,Sudan Emergency: Regional Refugee Response Plan 2026,,nan,,,nan,,LBY,30,plan_rankings,by_target_coverage,,,,,,,,,,,,,,,
,,,,,,HMMR26,,,,,,,Myanmar Humanitarian Needs and Response Plan 2026,,16229050.0,,,4868096.0,,MMR,1,plan_rankings,by_unmet_need_ratio,,,,,,,,,,,,,,,0.7000381414808631
,,,,,,HCOL26,,,,,,,Colombia Necesidades Humanitarias y Plan de Respuesta 2026,,6900000.0,,,2600000.0,,COL,2,plan_rankings,by_unmet_need_ratio,,,,,,,,,,,,,,,0.6231884057971014
,,,,,,HUKR26,,,,,,,Ukraine Humanitarian Needs and Response Plan 2026,,10849697.0,,,4118954.0,,UKR,3,plan_rankings,by_unmet_need_ratio,,,,,,,,,,,,,,,0.6203623013619644
,,,,,,HNGA26,,,,,,,Nigeria Humanitarian Needs and Response Plan 2026,,5900000.0,,,2500000.0,,NGA,4,plan_rankings,by_unmet_need_ratio,,,,,,,,,,,,,,,0.576271186440678
,,,,,,HSSD26,,,,,,,South Sudan Humanitarian Needs and Response Plan 2026,,9913863.0,,,4343435.0,,SSD,5,plan_rankings,by_unmet_need_ratio,,,,,,,,,,,,,,,0.5618826889175289
,,,,,,RREG26,,,,,,,Regional Migrant Response Plan for Horn of Africa to Yemen and Southern Africa 2026,,23100000.0,,,10500000.0,,YEM,6,plan_rankings,by_unmet_need_ratio,,,,,,,,,,,,,,,0.5454545454545454
,,,,,,HYEM26,,,,,,,Yemen Humanitarian Needs and Response Plan 2026,,23100000.0,,,10500000.0,,YEM,7,plan_rankings,by_unmet_need_ratio,,,,,,,,,,,,,,,0.5454545454545454
,,,,,,HCOD26,,,,,,,République Démocratique du Congo Besoins Humanitaires et Plan de Réponse 2026,,14940727.0,,,7313763.0,,COD,8,plan_rankings,by_unmet_need_ratio,,,,,,,,,,,,,,,0.5104814511368825
,,,,,,HSOM26,,,,,,,Somalia Humanitarian Needs and Response Plan 2026,,4796040.0,,,2430751.0,,SOM,9,plan_rankings,by_unmet_need_ratio,,,,,,,,,,,,,,,0.49317541138105603
,,,,,,HCAF26,,,,,,,République Centrafricaine Besoins Humanitaires et Plan de Réponse 2026,,2286959.0,,,1265483.0,,CAF,10,plan_rankings,by_unmet_need_ratio,,,,,,,,,,,,,,,0.4466525197871934
,,,,,,HSDN26,,,,,,,Sudan Humanitarian Needs and Response Plan 2026,,33699770.0,,,20419163.0,,SDN,11,plan_rankings,by_unmet_need_ratio,,,,,,,,,,,,,,,0.3940859833761477
,,,,,,HNER26,,,,,,,Niger Besoins Humanitaires et Plan de Réponse 2026,,2600000.0,,,1600000.0,,NER,12,plan_rankings,by_unmet_need_ratio,,,,,,,,,,,,,,,0.38461538461538464
,,,,,,HCMR26,,,,,,,Cameroon Humanitarian Needs and Response Plan 2026,,2900000.0,,,1800000.0,,CMR,13,plan_rankings,by_unmet_need_ratio,,,,,,,,,,,,,,,0.3793103448275862
,,,,,,HSYR26,,,,,,,Syrian Arab Republic Humanitarian Response Priorities 2026,,16500000.0,,,10300000.0,,SYR,14,plan_rankings,by_unmet_need_ratio,,,,,,,,,,,,,,,0.37575757575757573
,,,,,,HHTI26,,,,,,,Haiti Besoins Humanitaires et Plan de Réponse 2026,,6414193.0,,,4162202.0,,HTI,15,plan_rankings,by_unmet_need_ratio,,,,,,,,,,,,,,,0.3510949857604846
,,,,,,HVEN26,,,,,,,Venezuela Plan de Respuesta Humanitaria 2026,,7900000.0,,,5400000.0,,VEN,16,plan_rankings,by_unmet_need_ratio,,,,,,,,,,,,,,,0.31645569620253167
,,,,,,HBFA26,,,,,,,Burkina Faso Besoins Humanitaires et Plan de Réponse 2026,,4400000.0,,,3100000.0,,BFA,17,plan_rankings,by_unmet_need_ratio,,,,,,,,,,,,,,,0.29545454545454547
,,,,,,HMOZ26,,,,,,,Mozambique Humanitarian Needs and Response Plan 2026,,2356162.0,,,1745582.0,,MOZ,18,plan_rankings,by_unmet_need_ratio,,,,,,,,,,,,,,,0.2591417737829572
,,,,,,HTCD26,,,,,,,Tchad Besoins Humanitaires et Plan de Réponse 2026,,4509014.0,,,3352810.0,,TCD,19,plan_rankings,by_unmet_need_ratio,,,,,,,,,,,,,,,0.256420583302691
,,,,,,HMLI26,,,,,,,Mali Besoins Humanitaires et Plan de Réponse 2026,,5100000.0,,,3800000.0,,MLI,20,plan_rankings,by_unmet_need_ratio,,,,,,,,,,,,,,,0.2549019607843137
,,,,,,HAFG26,,,,,,,Afghanistan Humanitarian Needs and Response Plan 2026,,21889283.0,,,17479657.0,,AFG,21,plan_rankings,by_unmet_need_ratio,,,,,,,,,,,,,,,0.2014513677766421
,,,,,,FPSE26,,,,,,,Escalation of Hostilities in the OPT Flash Appeal 2026,,nan,,,nan,,PSE,22,plan_rankings,by_unmet_need_ratio,,,,,,,,,,,,,,,nan
,,,,,,RUGA26,,,,,,,Uganda Regional Refugee Response Plan 2026,,nan,,,nan,,UGA,23,plan_rankings,by_unmet_need_ratio,,,,,,,,,,,,,,,nan
,,,,,,RREG26b,,,,,,,Venezuela Regional Refugee and Migrant Response Plan (RMRP) 2026,,nan,,,nan,,BRA,24,plan_rankings,by_unmet_need_ratio,,,,,,,,,,,,,,,nan
,,,,,,RBGD26,,,,,,,Rohingya Humanitarian Crisis Joint Response Plan 2026,,nan,,,nan,,BGD,25,plan_rankings,by_unmet_need_ratio,,,,,,,,,,,,,,,nan
,,,,,,OPAK26,,,,,,,Pakistan Floods Support Plan 2026,,nan,,,nan,,PAK,26,plan_rankings,by_unmet_need_ratio,,,,,,,,,,,,,,,nan
,,,,,,OVNM26,,,,,,,Viet Nam 25-26 Joint Response Plan Multiple Typhoons and Floods 2026,,nan,,,nan,,VNM,27,plan_rankings,by_unmet_need_ratio,,,,,,,,,,,,,,,nan
,,,,,,OLKA2526,,,,,,,Sri Lanka Humanitarian Priorities Plan Cyclone Ditwa 2026,,nan,,,nan,,LKA,28,plan_rankings,by_unmet_need_ratio,,,,,,,,,,,,,,,nan
,,,,,,RJORLBNTUR26,,,,,,,Syrian Arab Republic Regional Refugee and Resilience Plan (3RP) 2026,,nan,,,nan,,JOR,29,plan_rankings,by_unmet_need_ratio,,,,,,,,,,,,,,,nan
,,,,,,RREG26a,,,,,,,Sudan Emergency: Regional Refugee Response Plan 2026,,nan,,,nan,,LBY,30,plan_rankings,by_unmet_need_ratio,,,,,,,,,,,,,,,nan
,,,,,,HUKR26,,640227370.0,,59.008778770503916,,,Ukraine Humanitarian Needs and Response Plan 2026,,10849697.0,,,,,UKR,1,plan_rankings,by_funding_per_need,,,,,,,,,,,,,,,
,,,,,,HMOZ26,,131262552.0,,55.7103255209107,,,Mozambique Humanitarian Needs and Response Plan 2026,,2356162.0,,,,,MOZ,2,plan_rankings,by_funding_per_need,,,,,,,,,,,,,,,
,,,,,,HTCD26,,215913333.0,,47.8848220475696,,,Tchad Besoins Humanitaires et Plan de Réponse 2026,,4509014.0,,,,,TCD,3,plan_rankings,by_funding_per_need,,,,,,,,,,,,,,,
,,,,,,HSSD26,,322015249.0,,32.481309152648166,,,South Sudan Humanitarian Needs and Response Plan 2026,,9913863.0,,,,,SSD,4,plan_rankings,by_funding_per_need,,,,,,,,,,,,,,,
,,,,,,HNGA26,,188766423.0,,31.994308983050846,,,Nigeria Humanitarian Needs and Response Plan 2026,,5900000.0,,,,,NGA,5,plan_rankings,by_funding_per_need,,,,,,,,,,,,,,,
,,,,,,HCOD26,,430024823.0,,28.78205478220705,,,République Démocratique du Congo Besoins Humanitaires et Plan de Réponse 2026,,14940727.0,,,,,COD,6,plan_rankings,by_funding_per_need,,,,,,,,,,,,,,,
,,,,,,HHTI26,,172057079.0,,26.824431226188548,,,Haiti Besoins Humanitaires et Plan de Réponse 2026,,6414193.0,,,,,HTI,7,plan_rankings,by_funding_per_need,,,,,,,,,,,,,,,
,,,,,,HSYR26,,437301894.0,,26.50314509090909,,,Syrian Arab Republic Humanitarian Response Priorities 2026,,16500000.0,,,,,SYR,8,plan_rankings,by_funding_per_need,,,,,,,,,,,,,,,
,,,,,,HNER26,,66462854.0,,25.562636153846153,,,Niger Besoins Humanitaires et Plan de Réponse 2026,,2600000.0,,,,,NER,9,plan_rankings,by_funding_per_need,,,,,,,,,,,,,,,
,,,,,,HSOM26,,111250193.0,,23.196260456543314,,,Somalia Humanitarian Needs and Response Plan 2026,,4796040.0,,,,,SOM,10,plan_rankings,by_funding_per_need,,,,,,,,,,,,,,,
,,,,,,HCMR26,,66498901.0,,22.93065551724138,,,Cameroon Humanitarian Needs and Response Plan 2026,,2900000.0,,,,,CMR,11,plan_rankings,by_funding_per_need,,,,,,,,,,,,,,,
,,,,,,HCOL26,,152365573.0,,22.081967101449276,,,Colombia Necesidades Humanitarias y Plan de Respuesta 2026,,6900000.0,,,,,COL,12,plan_rankings,by_funding_per_need,,,,,,,,,,,,,,,
,,,,,,HCAF26,,47355888.0,,20.70692478527162,,,République Centrafricaine Besoins Humanitaires et Plan de Réponse 2026,,2286959.0,,,,,CAF,13,plan_rankings,by_funding_per_need,,,,,,,,,,,,,,,
,,,,,,HBFA26,,72939948.0,,16.57726090909091,,,Burkina Faso Besoins Humanitaires et Plan de Réponse 2026,,4400000.0,,,,,BFA,14,plan_rankings,by_funding_per_need,,,,,,,,,,,,,,,
,,,,,,HMMR26,,245472134.0,,15.125477708183782,,,Myanmar Humanitarian Needs and Response Plan 2026,,16229050.0,,,,,MMR,15,plan_rankings,by_funding_per_need,,,,,,,,,,,,,,,
,,,,,,HMLI26,,75201041.0,,14.745302156862746,,,Mali Besoins Humanitaires et Plan de Réponse 2026,,5100000.0,,,,,MLI,16,plan_rankings,by_funding_per_need,,,,,,,,,,,,,,,
,,,,,,HSDN26,,488147337.0,,14.48518304427597,,,Sudan Humanitarian Needs and Response Plan 2026,,33699770.0,,,,,SDN,17,plan_rankings,by_funding_per_need,,,,,,,,,,,,,,,
,,,,,,HYEM26,,258764721.0,,11.201935974025973,,,Yemen Humanitarian Needs and Response Plan 2026,,23100000.0,,,,,YEM,18,plan_rankings,by_funding_per_need,,,,,,,,,,,,,,,
,,,,,,HVEN26,,84012783.0,,10.634529493670886,,,Venezuela Plan de Respuesta Humanitaria 2026,,7900000.0,,,,,VEN,19,plan_rankings,by_funding_per_need,,,,,,,,,,,,,,,
,,,,,,HAFG26,,214214587.0,,9.786277010535247,,,Afghanistan Humanitarian Needs and Response Plan 2026,,21889283.0,,,,,AFG,20,plan_rankings,by_funding_per_need,,,,,,,,,,,,,,,
,,,,,,RREG26,,27150666.0,,1.1753535064935066,,,Regional Migrant Response Plan for Horn of Africa to Yemen and Southern Africa 2026,,23100000.0,,,,,YEM,21,plan_rankings,by_funding_per_need,,,,,,,,,,,,,,,
,,,,,,FPSE26,,451836549.0,,nan,,,Escalation of Hostilities in the OPT Flash Appeal 2026,,nan,,,,,PSE,22,plan_rankings,by_funding_per_need,,,,,,,,,,,,,,,
,,,,,,RUGA26,,13438960.0,,nan,,,Uganda Regional Refugee Response Plan 2026,,nan,,,,,UGA,23,plan_rankings,by_funding_per_need,,,,,,,,,,,,,,,
,,,,,,RREG26b,,67880713.0,,nan,,,Venezuela Regional Refugee and Migrant Response Plan (RMRP) 2026,,nan,,,,,BRA,24,plan_rankings,by_funding_per_need,,,,,,,,,,,,,,,
,,,,,,RBGD26,,233087883.0,,nan,,,Rohingya Humanitarian Crisis Joint Response Plan 2026,,nan,,,,,BGD,25,plan_rankings,by_funding_per_need,,,,,,,,,,,,,,,
,,,,,,OPAK26,,11011245.0,,nan,,,Pakistan Floods Support Plan 2026,,nan,,,,,PAK,26,plan_rankings,by_funding_per_need,,,,,,,,,,,,,,,
,,,,,,OVNM26,,3028917.0,,nan,,,Viet Nam 25-26 Joint Response Plan Multiple Typhoons and Floods 2026,,nan,,,,,VNM,27,plan_rankings,by_funding_per_need,,,,,,,,,,,,,,,
,,,,,,OLKA2526,,15834857.0,,nan,,,Sri Lanka Humanitarian Priorities Plan Cyclone Ditwa 2026,,nan,,,,,LKA,28,plan_rankings,by_funding_per_need,,,,,,,,,,,,,,,
,,,,,,RJORLBNTUR26,,107634318.0,,nan,,,Syrian Arab Republic Regional Refugee and Resilience Plan (3RP) 2026,,nan,,,,,JOR,29,plan_rankings,by_funding_per_need,,,,,,,,,,,,,,,
,,,,,,RREG26a,,124214829.0,,nan,,,Sudan Emergency: Regional Refugee Response Plan 2026,,nan,,,,,LBY,30,plan_rankings,by_funding_per_need,,,,,,,,,,,,,,,
,,,,,,HUKR26,,640227370.0,,,155.4344549611382,,Ukraine Humanitarian Needs and Response Plan 2026,,,,,4118954.0,,UKR,1,plan_rankings,by_funding_per_target,,,,,,,,,,,,,,,
,,,,,,HNGA26,,188766423.0,,,75.5065692,,Nigeria Humanitarian Needs and Response Plan 2026,,,,,2500000.0,,NGA,2,plan_rankings,by_funding_per_target,,,,,,,,,,,,,,,
,,,,,,HMOZ26,,131262552.0,,,75.19701280146106,,Mozambique Humanitarian Needs and Response Plan 2026,,,,,1745582.0,,MOZ,3,plan_rankings,by_funding_per_target,,,,,,,,,,,,,,,
,,,,,,HSSD26,,322015249.0,,,74.13838333024438,,South Sudan Humanitarian Needs and Response Plan 2026,,,,,4343435.0,,SSD,4,plan_rankings,by_funding_per_target,,,,,,,,,,,,,,,
,,,,,,HTCD26,,215913333.0,,,64.39772399867574,,Tchad Besoins Humanitaires et Plan de Réponse 2026,,,,,3352810.0,,TCD,5,plan_rankings,by_funding_per_target,,,,,,,,,,,,,,,
,,,,,,HCOD26,,430024823.0,,,58.79665816351993,,République Démocratique du Congo Besoins Humanitaires et Plan de Réponse 2026,,,,,7313763.0,,COD,6,plan_rankings,by_funding_per_target,,,,,,,,,,,,,,,
,,,,,,HCOL26,,152365573.0,,,58.60214346153846,,Colombia Necesidades Humanitarias y Plan de Respuesta 2026,,,,,2600000.0,,COL,7,plan_rankings,by_funding_per_target,,,,,,,,,,,,,,,
,,,,,,HMMR26,,245472134.0,,,50.424669932556796,,Myanmar Humanitarian Needs and Response Plan 2026,,,,,4868096.0,,MMR,8,plan_rankings,by_funding_per_target,,,,,,,,,,,,,,,
,,,,,,HSOM26,,111250193.0,,,45.76782772073322,,Somalia Humanitarian Needs and Response Plan 2026,,,,,2430751.0,,SOM,9,plan_rankings,by_funding_per_target,,,,,,,,,,,,,,,
,,,,,,HSYR26,,437301894.0,,,42.456494563106794,,Syrian Arab Republic Humanitarian Response Priorities 2026,,,,,10300000.0,,SYR,10,plan_rankings,by_funding_per_target,,,,,,,,,,,,,,,
,,,,,,HNER26,,66462854.0,,,41.53928375,,Niger Besoins Humanitaires et Plan de Réponse 2026,,,,,1600000.0,,NER,11,plan_rankings,by_funding_per_target,,,,,,,,,,,,,,,
,,,,,,HHTI26,,172057079.0,,,41.33799344673805,,Haiti Besoins Humanitaires et Plan de Réponse 2026,,,,,4162202.0,,HTI,12,plan_rankings,by_funding_per_target,,,,,,,,,,,,,,,
,,,,,,HCAF26,,47355888.0,,,37.42119649177429,,République Centrafricaine Besoins Humanitaires et Plan de Réponse 2026,,,,,1265483.0,,CAF,13,plan_rankings,by_funding_per_target,,,,,,,,,,,,,,,
,,,,,,HCMR26,,66498901.0,,,36.94383388888889,,Cameroon Humanitarian Needs and Response Plan 2026,,,,,1800000.0,,CMR,14,plan_rankings,by_funding_per_target,,,,,,,,,,,,,,,
,,,,,,HYEM26,,258764721.0,,,24.64425914285714,,Yemen Humanitarian Needs and Response Plan 2026,,,,,10500000.0,,YEM,15,plan_rankings,by_funding_per_target,,,,,,,,,,,,,,,
,,,,,,HSDN26,,488147337.0,,,23.90633430958948,,Sudan Humanitarian Needs and Response Plan 2026,,,,,20419163.0,,SDN,16,plan_rankings,by_funding_per_target,,,,,,,,,,,,,,,
,,,,,,HBFA26,,72939948.0,,,23.529015483870968,,Burkina Faso Besoins Humanitaires et Plan de Réponse 2026,,,,,3100000.0,,BFA,17,plan_rankings,by_funding_per_target,,,,,,,,,,,,,,,
,,,,,,HMLI26,,75201041.0,,,19.789747631578948,,Mali Besoins Humanitaires et Plan de Réponse 2026,,,,,3800000.0,,MLI,18,plan_rankings,by_funding_per_target,,,,,,,,,,,,,,,
,,,,,,HVEN26,,84012783.0,,,15.557922777777778,,Venezuela Plan de Respuesta Humanitaria 2026,,,,,5400000.0,,VEN,19,plan_rankings,by_funding_per_target,,,,,,,,,,,,,,,
,,,,,,HAFG26,,214214587.0,,,12.25507954761355,,Afghanistan Humanitarian Needs and Response Plan 2026,,,,,17479657.0,,AFG,20,plan_rankings,by_funding_per_target,,,,,,,,,,,,,,,
,,,,,,RREG26,,27150666.0,,,2.5857777142857143,,Regional Migrant Response Plan for Horn of Africa to Yemen and Southern Africa 2026,,,,,10500000.0,,YEM,21,plan_rankings,by_funding_per_target,,,,,,,,,,,,,,,
,,,,,,FPSE26,,451836549.0,,,nan,,Escalation of Hostilities in the OPT Flash Appeal 2026,,,,,nan,,PSE,22,plan_rankings,by_funding_per_target,,,,,,,,,,,,,,,
,,,,,,RUGA26,,13438960.0,,,nan,,Uganda Regional Refugee Response Plan 2026,,,,,nan,,UGA,23,plan_rankings,by_funding_per_target,,,,,,,,,,,,,,,
,,,,,,RREG26b,,67880713.0,,,nan,,Venezuela Regional Refugee and Migrant Response Plan (RMRP) 2026,,,,,nan,,BRA,24,plan_rankings,by_funding_per_target,,,,,,,,,,,,,,,
,,,,,,RBGD26,,233087883.0,,,nan,,Rohingya Humanitarian Crisis Joint Response Plan 2026,,,,,nan,,BGD,25,plan_rankings,by_funding_per_target,,,,,,,,,,,,,,,
,,,,,,OPAK26,,11011245.0,,,nan,,Pakistan Floods Support Plan 2026,,,,,nan,,PAK,26,plan_rankings,by_funding_per_target,,,,,,,,,,,,,,,
,,,,,,OVNM26,,3028917.0,,,nan,,Viet Nam 25-26 Joint Response Plan Multiple Typhoons and Floods 2026,,,,,nan,,VNM,27,plan_rankings,by_funding_per_target,,,,,,,,,,,,,,,
,,,,,,OLKA2526,,15834857.0,,,nan,,Sri Lanka Humanitarian Priorities Plan Cyclone Ditwa 2026,,,,,nan,,LKA,28,plan_rankings,by_funding_per_target,,,,,,,,,,,,,,,
,,,,,,RJORLBNTUR26,,107634318.0,,,nan,,Syrian Arab Republic Regional Refugee and Resilience Plan (3RP) 2026,,,,,nan,,JOR,29,plan_rankings,by_funding_per_target,,,,,,,,,,,,,,,
,,,,,,RREG26a,,124214829.0,,,nan,,Sudan Emergency: Regional Refugee Response Plan 2026,,,,,nan,,LBY,30,plan_rankings,by_funding_per_target,,,,,,,,,,,,,,,
,,,,,,HNER26,,,609156735.0,,,234.29105192307694,Niger Besoins Humanitaires et Plan de Réponse 2026,,2600000.0,,,,,NER,1,plan_rankings,by_gap_per_person,,,,,,,,,,,,,,,
,,,,,,HMOZ26,,,403080032.0,,,171.07483780826615,Mozambique Humanitarian Needs and Response Plan 2026,,2356162.0,,,,,MOZ,2,plan_rankings,by_gap_per_person,,,,,,,,,,,,,,,
,,,,,,HTCD26,,,770156294.0,,,170.80370431318244,Tchad Besoins Humanitaires et Plan de Réponse 2026,,4509014.0,,,,,TCD,3,plan_rankings,by_gap_per_person,,,,,,,,,,,,,,,
,,,,,,HSOM26,,,740749807.0,,,154.4502979541455,Somalia Humanitarian Needs and Response Plan 2026,,4796040.0,,,,,SOM,4,plan_rankings,by_gap_per_person,,,,,,,,,,,,,,,
,,,,,,HUKR26,,,1663734605.0,,,153.34387725297768,Ukraine Humanitarian Needs and Response Plan 2026,,10849697.0,,,,,UKR,5,plan_rankings,by_gap_per_person,,,,,,,,,,,,,,,
,,,,,,HSYR26,,,2484882936.0,,,150.59896581818182,Syrian Arab Republic Humanitarian Response Priorities 2026,,16500000.0,,,,,SYR,6,plan_rankings,by_gap_per_person,,,,,,,,,,,,,,,
,,,,,,HBFA26,,,585546411.0,,,133.07872977272729,Burkina Faso Besoins Humanitaires et Plan de Réponse 2026,,4400000.0,,,,,BFA,7,plan_rankings,by_gap_per_person,,,,,,,,,,,,,,,
,,,,,,HSSD26,,,1141030807.0,,,115.09446993568501,South Sudan Humanitarian Needs and Response Plan 2026,,9913863.0,,,,,SSD,8,plan_rankings,by_gap_per_person,,,,,,,,,,,,,,,
,,,,,,HHTI26,,,708270347.0,,,110.42236287557921,Haiti Besoins Humanitaires et Plan de Réponse 2026,,6414193.0,,,,,HTI,9,plan_rankings,by_gap_per_person,,,,,,,,,,,,,,,
,,,,,,HMLI26,,,502665371.0,,,98.56183745098039,Mali Besoins Humanitaires et Plan de Réponse 2026,,5100000.0,,,,,MLI,10,plan_rankings,by_gap_per_person,,,,,,,,,,,,,,,
,,,,,,HCAF26,,,216741500.0,,,94.77279653898474,République Centrafricaine Besoins Humanitaires et Plan de Réponse 2026,,2286959.0,,,,,CAF,11,plan_rankings,by_gap_per_person,,,,,,,,,,,,,,,
,,,,,,HCMR26,,,252477320.0,,,87.0611448275862,Cameroon Humanitarian Needs and Response Plan 2026,,2900000.0,,,,,CMR,12,plan_rankings,by_gap_per_person,,,,,,,,,,,,,,,
,,,,,,HYEM26,,,1903798615.0,,,82.41552445887446,Yemen Humanitarian Needs and Response Plan 2026,,23100000.0,,,,,YEM,13,plan_rankings,by_gap_per_person,,,,,,,,,,,,,,,
,,,,,,HSDN26,,,2378081256.0,,,70.56669098928569,Sudan Humanitarian Needs and Response Plan 2026,,33699770.0,,,,,SDN,14,plan_rankings,by_gap_per_person,,,,,,,,,,,,,,,
,,,,,,HVEN26,,,548179189.0,,,69.38977075949367,Venezuela Plan de Respuesta Humanitaria 2026,,7900000.0,,,,,VEN,15,plan_rankings,by_gap_per_person,,,,,,,,,,,,,,,
,,,,,,HAFG26,,,1499966909.0,,,68.525173209191,Afghanistan Humanitarian Needs and Response Plan 2026,,21889283.0,,,,,AFG,16,plan_rankings,by_gap_per_person,,,,,,,,,,,,,,,
,,,,,,HCOD26,,,973696895.0,,,65.17065033046919,République Démocratique du Congo Besoins Humanitaires et Plan de Réponse 2026,,14940727.0,,,,,COD,17,plan_rankings,by_gap_per_person,,,,,,,,,,,,,,,
,,,,,,HNGA26,,,327633000.0,,,55.531016949152544,Nigeria Humanitarian Needs and Response Plan 2026,,5900000.0,,,,,NGA,18,plan_rankings,by_gap_per_person,,,,,,,,,,,,,,,
,,,,,,HMMR26,,,644128664.0,,,39.68985639948118,Myanmar Humanitarian Needs and Response Plan 2026,,16229050.0,,,,,MMR,19,plan_rankings,by_gap_per_person,,,,,,,,,,,,,,,
,,,,,,HCOL26,,,134600794.0,,,19.50736144927536,Colombia Necesidades Humanitarias y Plan de Respuesta 2026,,6900000.0,,,,,COL,20,plan_rankings,by_gap_per_person,,,,,,,,,,,,,,,
,,,,,,RREG26,,,-27150666.0,,,-1.1753535064935066,Regional Migrant Response Plan for Horn of Africa to Yemen and Southern Africa 2026,,23100000.0,,,,,YEM,21,plan_rankings,by_gap_per_person,,,,,,,,,,,,,,,
,,,,,,FPSE26,,,3612469259.0,,,nan,Escalation of Hostilities in the OPT Flash Appeal 2026,,nan,,,,,PSE,22,plan_rankings,by_gap_per_person,,,,,,,,,,,,,,,
,,,,,,RUGA26,,,815261040.0,,,nan,Uganda Regional Refugee Response Plan 2026,,nan,,,,,UGA,23,plan_rankings,by_gap_per_person,,,,,,,,,,,,,,,
,,,,,,RREG26b,,,669592309.0,,,nan,Venezuela Regional Refugee and Migrant Response Plan (RMRP) 2026,,nan,,,,,BRA,24,plan_rankings,by_gap_per_person,,,,,,,,,,,,,,,
,,,,,,RBGD26,,,465287383.0,,,nan,Rohingya Humanitarian Crisis Joint Response Plan 2026,,nan,,,,,BGD,25,plan_rankings,by_gap_per_person,,,,,,,,,,,,,,,
,,,,,,OPAK26,,,53932664.0,,,nan,Pakistan Floods Support Plan 2026,,nan,,,,,PAK,26,plan_rankings,by_gap_per_person,,,,,,,,,,,,,,,
,,,,,,OVNM26,,,58103449.0,,,nan,Viet Nam 25-26 Joint Response Plan Multiple Typhoons and Floods 2026,,nan,,,,,VNM,27,plan_rankings,by_gap_per_person,,,,,,,,,,,,,,,
,,,,,,OLKA2526,,,19465143.0,,,nan,Sri Lanka Humanitarian Priorities Plan Cyclone Ditwa 2026,,nan,,,,,LKA,28,plan_rankings,by_gap_per_person,,,,,,,,,,,,,,,
,,,,,,RJORLBNTUR26,,,-107634318.0,,,nan,Syrian Arab Republic Regional Refugee and Resilience Plan (3RP) 2026,,nan,,,,,JOR,29,plan_rankings,by_gap_per_person,,,,,,,,,,,,,,,
,,,,,,RREG26a,,,-124214829.0,,,nan,Sudan Emergency: Regional Refugee Response Plan 2026,,nan,,,,,LBY,30,plan_rankings,by_gap_per_person,,,,,,,,,,,,,,,
,,,,,,HSYR26,,,,,,,Syrian Arab Republic Humanitarian Response Priorities 2026,,16500000.0,0.0,,,,SYR,1,plan_rankings,by_people_reached_ratio,,,,,,,,,,,,,,,
,,,,,,HSDN26,,,,,,,Sudan Humanitarian Needs and Response Plan 2026,,33699770.0,0.0,,,,SDN,2,plan_rankings,by_people_reached_ratio,,,,,,,,,,,,,,,
,,,,,,HUKR26,,,,,,,Ukraine Humanitarian Needs and Response Plan 2026,,10849697.0,0.0,,,,UKR,3,plan_rankings,by_people_reached_ratio,,,,,,,,,,,,,,,
,,,,,,HYEM26,,,,,,,Yemen Humanitarian Needs and Response Plan 2026,,23100000.0,0.0,,,,YEM,4,plan_rankings,by_people_reached_ratio,,,,,,,,,,,,,,,
,,,,,,HAFG26,,,,,,,Afghanistan Humanitarian Needs and Response Plan 2026,,21889283.0,0.0,,,,AFG,5,plan_rankings,by_people_reached_ratio,,,,,,,,,,,,,,,
,,,,,,HSSD26,,,,,,,South Sudan Humanitarian Needs and Response Plan 2026,,9913863.0,0.0,,,,SSD,6,plan_rankings,by_people_reached_ratio,,,,,,,,,,,,,,,
,,,,,,HCOD26,,,,,,,République Démocratique du Congo Besoins Humanitaires et Plan de Réponse 2026,,14940727.0,0.0,,,,COD,7,plan_rankings,by_people_reached_ratio,,,,,,,,,,,,,,,
,,,,,,HTCD26,,,,,,,Tchad Besoins Humanitaires et Plan de Réponse 2026,,4509014.0,0.0,,,,TCD,8,plan_rankings,by_people_reached_ratio,,,,,,,,,,,,,,,
,,,,,,HMMR26,,,,,,,Myanmar Humanitarian Needs and Response Plan 2026,,16229050.0,0.0,,,,MMR,9,plan_rankings,by_people_reached_ratio,,,,,,,,,,,,,,,
,,,,,,HHTI26,,,,,,,Haiti Besoins Humanitaires et Plan de Réponse 2026,,6414193.0,0.0,,,,HTI,10,plan_rankings,by_people_reached_ratio,,,,,,,,,,,,,,,
,,,,,,HSOM26,,,,,,,Somalia Humanitarian Needs and Response Plan 2026,,4796040.0,0.0,,,,SOM,11,plan_rankings,by_people_reached_ratio,,,,,,,,,,,,,,,
,,,,,,HNER26,,,,,,,Niger Besoins Humanitaires et Plan de Réponse 2026,,2600000.0,0.0,,,,NER,12,plan_rankings,by_people_reached_ratio,,,,,,,,,,,,,,,
,,,,,,HBFA26,,,,,,,Burkina Faso Besoins Humanitaires et Plan de Réponse 2026,,4400000.0,0.0,,,,BFA,13,plan_rankings,by_people_reached_ratio,,,,,,,,,,,,,,,
,,,,,,HVEN26,,,,,,,Venezuela Plan de Respuesta Humanitaria 2026,,7900000.0,0.0,,,,VEN,14,plan_rankings,by_people_reached_ratio,,,,,,,,,,,,,,,
,,,,,,HMLI26,,,,,,,Mali Besoins Humanitaires et Plan de Réponse 2026,,5100000.0,0.0,,,,MLI,15,plan_rankings,by_people_reached_ratio,,,,,,,,,,,,,,,
,,,,,,HMOZ26,,,,,,,Mozambique Humanitarian Needs and Response Plan 2026,,2356162.0,0.0,,,,MOZ,16,plan_rankings,by_people_reached_ratio,,,,,,,,,,,,,,,
,,,,,,HNGA26,,,,,,,Nigeria Humanitarian Needs and Response Plan 2026,,5900000.0,0.0,,,,NGA,17,plan_rankings,by_people_reached_ratio,,,,,,,,,,,,,,,
,,,,,,HCMR26,,,,,,,Cameroon Humanitarian Needs and Response Plan 2026,,2900000.0,0.0,,,,CMR,18,plan_rankings,by_people_reached_ratio,,,,,,,,,,,,,,,
,,,,,,HCOL26,,,,,,,Colombia Necesidades Humanitarias y Plan de Respuesta 2026,,6900000.0,0.0,,,,COL,19,plan_rankings,by_people_reached_ratio,,,,,,,,,,,,,,,
,,,,,,HCAF26,,,,,,,République Centrafricaine Besoins Humanitaires et Plan de Réponse 2026,,2286959.0,0.0,,,,CAF,20,plan_rankings,by_people_reached_ratio,,,,,,,,,,,,,,,
,,,,,,RREG26,,,,,,,Regional Migrant Response Plan for Horn of Africa to Yemen and Southern Africa 2026,,23100000.0,0.0,,,,YEM,21,plan_rankings,by_people_reached_ratio,,,,,,,,,,,,,,,
,,,,,,FPSE26,,,,,,,Escalation of Hostilities in the OPT Flash Appeal 2026,,nan,nan,,,,PSE,22,plan_rankings,by_people_reached_ratio,,,,,,,,,,,,,,,
,,,,,,RUGA26,,,,,,,Uganda Regional Refugee Response Plan 2026,,nan,nan,,,,UGA,23,plan_rankings,by_people_reached_ratio,,,,,,,,,,,,,,,
,,,,,,RREG26b,,,,,,,Venezuela Regional Refugee and Migrant Response Plan (RMRP) 2026,,nan,nan,,,,BRA,24,plan_rankings,by_people_reached_ratio,,,,,,,,,,,,,,,
,,,,,,RBGD26,,,,,,,Rohingya Humanitarian Crisis Joint Response Plan 2026,,nan,nan,,,,BGD,25,plan_rankings,by_people_reached_ratio,,,,,,,,,,,,,,,
,,,,,,OPAK26,,,,,,,Pakistan Floods Support Plan 2026,,nan,nan,,,,PAK,26,plan_rankings,by_people_reached_ratio,,,,,,,,,,,,,,,
,,,,,,OVNM26,,,,,,,Viet Nam 25-26 Joint Response Plan Multiple Typhoons and Floods 2026,,nan,nan,,,,VNM,27,plan_rankings,by_people_reached_ratio,,,,,,,,,,,,,,,
,,,,,,OLKA2526,,,,,,,Sri Lanka Humanitarian Priorities Plan Cyclone Ditwa 2026,,nan,nan,,,,LKA,28,plan_rankings,by_people_reached_ratio,,,,,,,,,,,,,,,
,,,,,,RJORLBNTUR26,,,,,,,Syrian Arab Republic Regional Refugee and Resilience Plan (3RP) 2026,,nan,nan,,,,JOR,29,plan_rankings,by_people_reached_ratio,,,,,,,,,,,,,,,
,,,,,,RREG26a,,,,,,,Sudan Emergency: Regional Refugee Response Plan 2026,,nan,nan,,,,LBY,30,plan_rankings,by_people_reached_ratio,,,,,,,,,,,,,,,
,,,,,,HUKR26,,640227370.0,1663734605.0,59.008778770503916,155.4344549611382,153.34387725297768,Ukraine Humanitarian Needs and Response Plan 2026,,10849697.0,,,4118954.0,27.8,UKR,1,plan_rankings,overall,2303961975.0,,,,,,,,,,,,,,0.6203623013619644
,,,,,,HSYR26,,437301894.0,2484882936.0,26.50314509090909,42.456494563106794,150.59896581818182,Syrian Arab Republic Humanitarian Response Priorities 2026,,16500000.0,,,10300000.0,15.0,SYR,2,plan_rankings,overall,2922184830.0,,,,,,,,,,,,,,0.37575757575757573
,,,,,,HSSD26,,322015249.0,1141030807.0,32.481309152648166,74.13838333024438,115.09446993568501,South Sudan Humanitarian Needs and Response Plan 2026,,9913863.0,,,4343435.0,22.0,SSD,3,plan_rankings,overall,1463046056.0,,,,,,,,,,,,,,0.5618826889175289
,,,,,,HSDN26,,488147337.0,2378081256.0,14.48518304427597,23.90633430958948,70.56669098928569,Sudan Humanitarian Needs and Response Plan 2026,,33699770.0,,,20419163.0,17.0,SDN,4,plan_rankings,overall,2866228593.0,,,,,,,,,,,,,,0.3940859833761477
,,,,,,HYEM26,,258764721.0,1903798615.0,11.201935974025973,24.64425914285714,82.41552445887446,Yemen Humanitarian Needs and Response Plan 2026,,23100000.0,,,10500000.0,12.0,YEM,5,plan_rankings,overall,2162563336.0,,,,,,,,,,,,,,0.5454545454545454
,,,,,,HTCD26,,215913333.0,770156294.0,47.8848220475696,64.39772399867574,170.80370431318244,Tchad Besoins Humanitaires et Plan de Réponse 2026,,4509014.0,,,3352810.0,21.9,TCD,6,plan_rankings,overall,986069627.0,,,,,,,,,,,,,,0.256420583302691
,,,,,,HCOD26,,430024823.0,973696895.0,28.78205478220705,58.79665816351993,65.17065033046919,République Démocratique du Congo Besoins Humanitaires et Plan de Réponse 2026,,14940727.0,,,7313763.0,30.6,COD,7,plan_rankings,overall,1403721718.0,,,,,,,,,,,,,,0.5104814511368825
,,,,,,HSOM26,,111250193.0,740749807.0,23.196260456543314,45.76782772073322,154.4502979541455,Somalia Humanitarian Needs and Response Plan 2026,,4796040.0,,,2430751.0,13.1,SOM,8,plan_rankings,overall,852000000.0,,,,,,,,,,,,,,0.49317541138105603
,,,,,,HHTI26,,172057079.0,708270347.0,26.824431226188548,41.33799344673805,110.42236287557921,Haiti Besoins Humanitaires et Plan de Réponse 2026,,6414193.0,,,4162202.0,19.5,HTI,9,plan_rankings,overall,880327426.0,,,,,,,,,,,,,,0.3510949857604846
,,,,,,HAFG26,,214214587.0,1499966909.0,9.786277010535247,12.25507954761355,68.525173209191,Afghanistan Humanitarian Needs and Response Plan 2026,,21889283.0,,,17479657.0,12.5,AFG,10,plan_rankings,overall,1714181496.0,,,,,,,,,,,,,,0.2014513677766421
,,,,,,HNER26,,66462854.0,609156735.0,25.562636153846153,41.53928375,234.29105192307694,Niger Besoins Humanitaires et Plan de Réponse 2026,,2600000.0,,,1600000.0,9.8,NER,11,plan_rankings,overall,675619589.0,,,,,,,,,,,,,,0.38461538461538464
,,,,,,HMMR26,,245472134.0,644128664.0,15.125477708183782,50.424669932556796,39.68985639948118,Myanmar Humanitarian Needs and Response Plan 2026,,16229050.0,,,4868096.0,27.6,MMR,12,plan_rankings,overall,889600798.0,,,,,,,,,,,,,,0.7000381414808631
,,,,,,HMOZ26,,131262552.0,403080032.0,55.7103255209107,75.19701280146106,171.07483780826615,Mozambique Humanitarian Needs and Response Plan 2026,,2356162.0,,,1745582.0,24.6,MOZ,13,plan_rankings,overall,534342584.0,,,,,,,,,,,,,,0.2591417737829572
,,,,,,HBFA26,,72939948.0,585546411.0,16.57726090909091,23.529015483870968,133.07872977272729,Burkina Faso Besoins Humanitaires et Plan de Réponse 2026,,4400000.0,,,3100000.0,11.1,BFA,14,plan_rankings,overall,658486359.0,,,,,,,,,,,,,,0.29545454545454547
,,,,,,HNGA26,,188766423.0,327633000.0,31.994308983050846,75.5065692,55.531016949152544,Nigeria Humanitarian Needs and Response Plan 2026,,5900000.0,,,2500000.0,36.6,NGA,15,plan_rankings,overall,516399423.0,,,,,,,,,,,,,,0.576271186440678
,,,,,,FPSE26,,451836549.0,3612469259.0,nan,nan,nan,Escalation of Hostilities in the OPT Flash Appeal 2026,,nan,,,nan,11.1,PSE,16,plan_rankings,overall,4064305808.0,,,,,,,,,,,,,,nan
,,,,,,HMLI26,,75201041.0,502665371.0,14.745302156862746,19.789747631578948,98.56183745098039,Mali Besoins Humanitaires et Plan de Réponse 2026,,5100000.0,,,3800000.0,13.0,MLI,17,plan_rankings,overall,577866412.0,,,,,,,,,,,,,,0.2549019607843137
,,,,,,HVEN26,,84012783.0,548179189.0,10.634529493670886,15.557922777777778,69.38977075949367,Venezuela Plan de Respuesta Humanitaria 2026,,7900000.0,,,5400000.0,13.3,VEN,18,plan_rankings,overall,632191972.0,,,,,,,,,,,,,,0.31645569620253167
,,,,,,HCOL26,,152365573.0,134600794.0,22.081967101449276,58.60214346153846,19.50736144927536,Colombia Necesidades Humanitarias y Plan de Respuesta 2026,,6900000.0,,,2600000.0,53.1,COL,19,plan_rankings,overall,286966367.0,,,,,,,,,,,,,,0.6231884057971014
,,,,,,HCMR26,,66498901.0,252477320.0,22.93065551724138,36.94383388888889,87.0611448275862,Cameroon Humanitarian Needs and Response Plan 2026,,2900000.0,,,1800000.0,20.8,CMR,20,plan_rankings,overall,318976221.0,,,,,,,,,,,,,,0.3793103448275862
,,,,,,HCAF26,,47355888.0,216741500.0,20.70692478527162,37.42119649177429,94.77279653898474,République Centrafricaine Besoins Humanitaires et Plan de Réponse 2026,,2286959.0,,,1265483.0,17.9,CAF,21,plan_rankings,overall,264097388.0,,,,,,,,,,,,,,0.4466525197871934
,,,,,,RUGA26,,13438960.0,815261040.0,nan,nan,nan,Uganda Regional Refugee Response Plan 2026,,nan,,,nan,1.6,UGA,22,plan_rankings,overall,828700000.0,,,,,,,,,,,,,,nan
,,,,,,RREG26b,,67880713.0,669592309.0,nan,nan,nan,Venezuela Regional Refugee and Migrant Response Plan (RMRP) 2026,,nan,,,nan,9.2,BRA,23,plan_rankings,overall,737473022.0,,,,,,,,,,,,,,nan
,,,,,,RREG26,,27150666.0,-27150666.0,1.1753535064935066,2.5857777142857143,-1.1753535064935066,Regional Migrant Response Plan for Horn of Africa to Yemen and Southern Africa 2026,,23100000.0,,,10500000.0,nan,YEM,24,plan_rankings,overall,0.0,,,,,,,,,,,,,,0.5454545454545454
,,,,,,RBGD26,,233087883.0,465287383.0,nan,nan,nan,Rohingya Humanitarian Crisis Joint Response Plan 2026,,nan,,,nan,33.4,BGD,25,plan_rankings,overall,698375266.0,,,,,,,,,,,,,,nan
,,,,,,OVNM26,,3028917.0,58103449.0,nan,nan,nan,Viet Nam 25-26 Joint Response Plan Multiple Typhoons and Floods 2026,,nan,,,nan,5.0,VNM,26,plan_rankings,overall,61132366.0,,,,,,,,,,,,,,nan
,,,,,,OPAK26,,11011245.0,53932664.0,nan,nan,nan,Pakistan Floods Support Plan 2026,,nan,,,nan,17.0,PAK,27,plan_rankings,overall,64943909.0,,,,,,,,,,,,,,nan
,,,,,,RREG26a,,124214829.0,-124214829.0,nan,nan,nan,Sudan Emergency: Regional Refugee Response Plan 2026,,nan,,,nan,nan,LBY,28,plan_rankings,overall,0.0,,,,,,,,,,,,,,nan
,,,,,,RJORLBNTUR26,,107634318.0,-107634318.0,nan,nan,nan,Syrian Arab Republic Regional Refugee and Resilience Plan (3RP) 2026,,nan,,,nan,nan,JOR,29,plan_rankings,overall,0.0,,,,,,,,,,,,,,nan
,,,,,,OLKA2526,,15834857.0,19465143.0,nan,nan,nan,Sri Lanka Humanitarian Priorities Plan Cyclone Ditwa 2026,,nan,,,nan,44.9,LKA,30,plan_rankings,overall,35300000.0,,,,,,,,,,,,,,nan
,,,,,,,,451836549.0,3612469259.0,,,,,,,,,,11.1,PSE,1,country_rankings,by_funding_gap,4064305808.0,,,,,,,,,,,,,,
,,,,,,,,437301894.0,2484882936.0,,,,,,,,,,15.0,SYR,2,country_rankings,by_funding_gap,2922184830.0,,,,,,,,,,,,,,
,,,,,,,,488147337.0,2378081256.0,,,,,,,,,,17.0,SDN,3,country_rankings,by_funding_gap,2866228593.0,,,,,,,,,,,,,,
,,,,,,,,285915387.0,1876647949.0,,,,,,,,,,13.2,YEM,4,country_rankings,by_funding_gap,2162563336.0,,,,,,,,,,,,,,
,,,,,,,,640227370.0,1663734605.0,,,,,,,,,,27.8,UKR,5,country_rankings,by_funding_gap,2303961975.0,,,,,,,,,,,,,,
,,,,,,,,214214587.0,1499966909.0,,,,,,,,,,12.5,AFG,6,country_rankings,by_funding_gap,1714181496.0,,,,,,,,,,,,,,
,,,,,,,,322015249.0,1141030807.0,,,,,,,,,,22.0,SSD,7,country_rankings,by_funding_gap,1463046056.0,,,,,,,,,,,,,,
,,,,,,,,430024823.0,973696895.0,,,,,,,,,,30.6,COD,8,country_rankings,by_funding_gap,1403721718.0,,,,,,,,,,,,,,
,,,,,,,,13438960.0,815261040.0,,,,,,,,,,1.6,UGA,9,country_rankings,by_funding_gap,828700000.0,,,,,,,,,,,,,,
,,,,,,,,215913333.0,770156294.0,,,,,,,,,,21.9,TCD,10,country_rankings,by_funding_gap,986069627.0,,,,,,,,,,,,,,
,,,,,,,,111250193.0,740749807.0,,,,,,,,,,13.1,SOM,11,country_rankings,by_funding_gap,852000000.0,,,,,,,,,,,,,,
,,,,,,,,172057079.0,708270347.0,,,,,,,,,,19.5,HTI,12,country_rankings,by_funding_gap,880327426.0,,,,,,,,,,,,,,
,,,,,,,,67880713.0,669592309.0,,,,,,,,,,9.2,BRA,13,country_rankings,by_funding_gap,737473022.0,,,,,,,,,,,,,,
,,,,,,,,245472134.0,644128664.0,,,,,,,,,,27.6,MMR,14,country_rankings,by_funding_gap,889600798.0,,,,,,,,,,,,,,
,,,,,,,,66462854.0,609156735.0,,,,,,,,,,9.8,NER,15,country_rankings,by_funding_gap,675619589.0,,,,,,,,,,,,,,
,,,,,,,,72939948.0,585546411.0,,,,,,,,,,11.1,BFA,16,country_rankings,by_funding_gap,658486359.0,,,,,,,,,,,,,,
,,,,,,,,84012783.0,548179189.0,,,,,,,,,,13.3,VEN,17,country_rankings,by_funding_gap,632191972.0,,,,,,,,,,,,,,
,,,,,,,,75201041.0,502665371.0,,,,,,,,,,13.0,MLI,18,country_rankings,by_funding_gap,577866412.0,,,,,,,,,,,,,,
,,,,,,,,233087883.0,465287383.0,,,,,,,,,,33.4,BGD,19,country_rankings,by_funding_gap,698375266.0,,,,,,,,,,,,,,
,,,,,,,,131262552.0,403080032.0,,,,,,,,,,24.6,MOZ,20,country_rankings,by_funding_gap,534342584.0,,,,,,,,,,,,,,
,,,,,,,,188766423.0,327633000.0,,,,,,,,,,36.6,NGA,21,country_rankings,by_funding_gap,516399423.0,,,,,,,,,,,,,,
,,,,,,,,66498901.0,252477320.0,,,,,,,,,,20.8,CMR,22,country_rankings,by_funding_gap,318976221.0,,,,,,,,,,,,,,
,,,,,,,,47355888.0,216741500.0,,,,,,,,,,17.9,CAF,23,country_rankings,by_funding_gap,264097388.0,,,,,,,,,,,,,,
,,,,,,,,152365573.0,134600794.0,,,,,,,,,,53.1,COL,24,country_rankings,by_funding_gap,286966367.0,,,,,,,,,,,,,,
,,,,,,,,3028917.0,58103449.0,,,,,,,,,,5.0,VNM,25,country_rankings,by_funding_gap,61132366.0,,,,,,,,,,,,,,
,,,,,,,,11011245.0,53932664.0,,,,,,,,,,17.0,PAK,26,country_rankings,by_funding_gap,64943909.0,,,,,,,,,,,,,,
,,,,,,,,15834857.0,19465143.0,,,,,,,,,,44.9,LKA,27,country_rankings,by_funding_gap,35300000.0,,,,,,,,,,,,,,
,,,,,,,,107634318.0,-107634318.0,,,,,,,,,,nan,JOR,28,country_rankings,by_funding_gap,0.0,,,,,,,,,,,,,,
,,,,,,,,124214829.0,-124214829.0,,,,,,,,,,nan,LBY,29,country_rankings,by_funding_gap,0.0,,,,,,,,,,,,,,
,,,,,,,,451836549.0,3612469259.0,,,,,,,,,,11.1,PSE,1,country_rankings,by_requirements,4064305808.0,,,,,,,,,,,,,,
,,,,,,,,437301894.0,2484882936.0,,,,,,,,,,15.0,SYR,2,country_rankings,by_requirements,2922184830.0,,,,,,,,,,,,,,
,,,,,,,,488147337.0,2378081256.0,,,,,,,,,,17.0,SDN,3,country_rankings,by_requirements,2866228593.0,,,,,,,,,,,,,,
,,,,,,,,640227370.0,1663734605.0,,,,,,,,,,27.8,UKR,4,country_rankings,by_requirements,2303961975.0,,,,,,,,,,,,,,
,,,,,,,,285915387.0,1876647949.0,,,,,,,,,,13.2,YEM,5,country_rankings,by_requirements,2162563336.0,,,,,,,,,,,,,,
,,,,,,,,214214587.0,1499966909.0,,,,,,,,,,12.5,AFG,6,country_rankings,by_requirements,1714181496.0,,,,,,,,,,,,,,
,,,,,,,,322015249.0,1141030807.0,,,,,,,,,,22.0,SSD,7,country_rankings,by_requirements,1463046056.0,,,,,,,,,,,,,,
,,,,,,,,430024823.0,973696895.0,,,,,,,,,,30.6,COD,8,country_rankings,by_requirements,1403721718.0,,,,,,,,,,,,,,
,,,,,,,,215913333.0,770156294.0,,,,,,,,,,21.9,TCD,9,country_rankings,by_requirements,986069627.0,,,,,,,,,,,,,,
,,,,,,,,245472134.0,644128664.0,,,,,,,,,,27.6,MMR,10,country_rankings,by_requirements,889600798.0,,,,,,,,,,,,,,
,,,,,,,,172057079.0,708270347.0,,,,,,,,,,19.5,HTI,11,country_rankings,by_requirements,880327426.0,,,,,,,,,,,,,,
,,,,,,,,111250193.0,740749807.0,,,,,,,,,,13.1,SOM,12,country_rankings,by_requirements,852000000.0,,,,,,,,,,,,,,
,,,,,,,,13438960.0,815261040.0,,,,,,,,,,1.6,UGA,13,country_rankings,by_requirements,828700000.0,,,,,,,,,,,,,,
,,,,,,,,67880713.0,669592309.0,,,,,,,,,,9.2,BRA,14,country_rankings,by_requirements,737473022.0,,,,,,,,,,,,,,
,,,,,,,,233087883.0,465287383.0,,,,,,,,,,33.4,BGD,15,country_rankings,by_requirements,698375266.0,,,,,,,,,,,,,,
,,,,,,,,66462854.0,609156735.0,,,,,,,,,,9.8,NER,16,country_rankings,by_requirements,675619589.0,,,,,,,,,,,,,,
,,,,,,,,72939948.0,585546411.0,,,,,,,,,,11.1,BFA,17,country_rankings,by_requirements,658486359.0,,,,,,,,,,,,,,
,,,,,,,,84012783.0,548179189.0,,,,,,,,,,13.3,VEN,18,country_rankings,by_requirements,632191972.0,,,,,,,,,,,,,,
,,,,,,,,75201041.0,502665371.0,,,,,,,,,,13.0,MLI,19,country_rankings,by_requirements,577866412.0,,,,,,,,,,,,,,
,,,,,,,,131262552.0,403080032.0,,,,,,,,,,24.6,MOZ,20,country_rankings,by_requirements,534342584.0,,,,,,,,,,,,,,
,,,,,,,,188766423.0,327633000.0,,,,,,,,,,36.6,NGA,21,country_rankings,by_requirements,516399423.0,,,,,,,,,,,,,,
,,,,,,,,66498901.0,252477320.0,,,,,,,,,,20.8,CMR,22,country_rankings,by_requirements,318976221.0,,,,,,,,,,,,,,
,,,,,,,,152365573.0,134600794.0,,,,,,,,,,53.1,COL,23,country_rankings,by_requirements,286966367.0,,,,,,,,,,,,,,
,,,,,,,,47355888.0,216741500.0,,,,,,,,,,17.9,CAF,24,country_rankings,by_requirements,264097388.0,,,,,,,,,,,,,,
,,,,,,,,11011245.0,53932664.0,,,,,,,,,,17.0,PAK,25,country_rankings,by_requirements,64943909.0,,,,,,,,,,,,,,
,,,,,,,,3028917.0,58103449.0,,,,,,,,,,5.0,VNM,26,country_rankings,by_requirements,61132366.0,,,,,,,,,,,,,,
,,,,,,,,15834857.0,19465143.0,,,,,,,,,,44.9,LKA,27,country_rankings,by_requirements,35300000.0,,,,,,,,,,,,,,
,,,,,,,,107634318.0,-107634318.0,,,,,,,,,,nan,JOR,28,country_rankings,by_requirements,0.0,,,,,,,,,,,,,,
,,,,,,,,124214829.0,-124214829.0,,,,,,,,,,nan,LBY,29,country_rankings,by_requirements,0.0,,,,,,,,,,,,,,
,,,,,,,,640227370.0,1663734605.0,,,,,,,,,,27.8,UKR,1,country_rankings,by_funding,2303961975.0,,,,,,,,,,,,,,
,,,,,,,,488147337.0,2378081256.0,,,,,,,,,,17.0,SDN,2,country_rankings,by_funding,2866228593.0,,,,,,,,,,,,,,
,,,,,,,,451836549.0,3612469259.0,,,,,,,,,,11.1,PSE,3,country_rankings,by_funding,4064305808.0,,,,,,,,,,,,,,
,,,,,,,,437301894.0,2484882936.0,,,,,,,,,,15.0,SYR,4,country_rankings,by_funding,2922184830.0,,,,,,,,,,,,,,
,,,,,,,,430024823.0,973696895.0,,,,,,,,,,30.6,COD,5,country_rankings,by_funding,1403721718.0,,,,,,,,,,,,,,
,,,,,,,,322015249.0,1141030807.0,,,,,,,,,,22.0,SSD,6,country_rankings,by_funding,1463046056.0,,,,,,,,,,,,,,
,,,,,,,,285915387.0,1876647949.0,,,,,,,,,,13.2,YEM,7,country_rankings,by_funding,2162563336.0,,,,,,,,,,,,,,
,,,,,,,,245472134.0,644128664.0,,,,,,,,,,27.6,MMR,8,country_rankings,by_funding,889600798.0,,,,,,,,,,,,,,
,,,,,,,,233087883.0,465287383.0,,,,,,,,,,33.4,BGD,9,country_rankings,by_funding,698375266.0,,,,,,,,,,,,,,
,,,,,,,,215913333.0,770156294.0,,,,,,,,,,21.9,TCD,10,country_rankings,by_funding,986069627.0,,,,,,,,,,,,,,
,,,,,,,,214214587.0,1499966909.0,,,,,,,,,,12.5,AFG,11,country_rankings,by_funding,1714181496.0,,,,,,,,,,,,,,
,,,,,,,,188766423.0,327633000.0,,,,,,,,,,36.6,NGA,12,country_rankings,by_funding,516399423.0,,,,,,,,,,,,,,
,,,,,,,,172057079.0,708270347.0,,,,,,,,,,19.5,HTI,13,country_rankings,by_funding,880327426.0,,,,,,,,,,,,,,
,,,,,,,,152365573.0,134600794.0,,,,,,,,,,53.1,COL,14,country_rankings,by_funding,286966367.0,,,,,,,,,,,,,,
,,,,,,,,131262552.0,403080032.0,,,,,,,,,,24.6,MOZ,15,country_rankings,by_funding,534342584.0,,,,,,,,,,,,,,
,,,,,,,,124214829.0,-124214829.0,,,,,,,,,,nan,LBY,16,country_rankings,by_funding,0.0,,,,,,,,,,,,,,
,,,,,,,,111250193.0,740749807.0,,,,,,,,,,13.1,SOM,17,country_rankings,by_funding,852000000.0,,,,,,,,,,,,,,
,,,,,,,,107634318.0,-107634318.0,,,,,,,,,,nan,JOR,18,country_rankings,by_funding,0.0,,,,,,,,,,,,,,
,,,,,,,,84012783.0,548179189.0,,,,,,,,,,13.3,VEN,19,country_rankings,by_funding,632191972.0,,,,,,,,,,,,,,
,,,,,,,,75201041.0,502665371.0,,,,,,,,,,13.0,MLI,20,country_rankings,by_funding,577866412.0,,,,,,,,,,,,,,
,,,,,,,,72939948.0,585546411.0,,,,,,,,,,11.1,BFA,21,country_rankings,by_funding,658486359.0,,,,,,,,,,,,,,
,,,,,,,,67880713.0,669592309.0,,,,,,,,,,9.2,BRA,22,country_rankings,by_funding,737473022.0,,,,,,,,,,,,,,
,,,,,,,,66498901.0,252477320.0,,,,,,,,,,20.8,CMR,23,country_rankings,by_funding,318976221.0,,,,,,,,,,,,,,
,,,,,,,,66462854.0,609156735.0,,,,,,,,,,9.8,NER,24,country_rankings,by_funding,675619589.0,,,,,,,,,,,,,,
,,,,,,,,47355888.0,216741500.0,,,,,,,,,,17.9,CAF,25,country_rankings,by_funding,264097388.0,,,,,,,,,,,,,,
,,,,,,,,15834857.0,19465143.0,,,,,,,,,,44.9,LKA,26,country_rankings,by_funding,35300000.0,,,,,,,,,,,,,,
,,,,,,,,13438960.0,815261040.0,,,,,,,,,,1.6,UGA,27,country_rankings,by_funding,828700000.0,,,,,,,,,,,,,,
,,,,,,,,11011245.0,53932664.0,,,,,,,,,,17.0,PAK,28,country_rankings,by_funding,64943909.0,,,,,,,,,,,,,,
,,,,,,,,3028917.0,58103449.0,,,,,,,,,,5.0,VNM,29,country_rankings,by_funding,61132366.0,,,,,,,,,,,,,,
,,,,,,,,13438960.0,815261040.0,,,,,,,,,,1.6,UGA,1,country_rankings,by_percent_funded,828700000.0,,,,,,,,,,,,,,
,,,,,,,,3028917.0,58103449.0,,,,,,,,,,5.0,VNM,2,country_rankings,by_percent_funded,61132366.0,,,,,,,,,,,,,,
,,,,,,,,67880713.0,669592309.0,,,,,,,,,,9.2,BRA,3,country_rankings,by_percent_funded,737473022.0,,,,,,,,,,,,,,
,,,,,,,,66462854.0,609156735.0,,,,,,,,,,9.8,NER,4,country_rankings,by_percent_funded,675619589.0,,,,,,,,,,,,,,
,,,,,,,,72939948.0,585546411.0,,,,,,,,,,11.1,BFA,5,country_rankings,by_percent_funded,658486359.0,,,,,,,,,,,,,,
,,,,,,,,451836549.0,3612469259.0,,,,,,,,,,11.1,PSE,6,country_rankings,by_percent_funded,4064305808.0,,,,,,,,,,,,,,
,,,,,,,,214214587.0,1499966909.0,,,,,,,,,,12.5,AFG,7,country_rankings,by_percent_funded,1714181496.0,,,,,,,,,,,,,,
,,,,,,,,75201041.0,502665371.0,,,,,,,,,,13.0,MLI,8,country_rankings,by_percent_funded,577866412.0,,,,,,,,,,,,,,
,,,,,,,,111250193.0,740749807.0,,,,,,,,,,13.1,SOM,9,country_rankings,by_percent_funded,852000000.0,,,,,,,,,,,,,,
,,,,,,,,285915387.0,1876647949.0,,,,,,,,,,13.2,YEM,10,country_rankings,by_percent_funded,2162563336.0,,,,,,,,,,,,,,
,,,,,,,,84012783.0,548179189.0,,,,,,,,,,13.3,VEN,11,country_rankings,by_percent_funded,632191972.0,,,,,,,,,,,,,,
,,,,,,,,437301894.0,2484882936.0,,,,,,,,,,15.0,SYR,12,country_rankings,by_percent_funded,2922184830.0,,,,,,,,,,,,,,
,,,,,,,,488147337.0,2378081256.0,,,,,,,,,,17.0,SDN,13,country_rankings,by_percent_funded,2866228593.0,,,,,,,,,,,,,,
,,,,,,,,11011245.0,53932664.0,,,,,,,,,,17.0,PAK,14,country_rankings,by_percent_funded,64943909.0,,,,,,,,,,,,,,
,,,,,,,,47355888.0,216741500.0,,,,,,,,,,17.9,CAF,15,country_rankings,by_percent_funded,264097388.0,,,,,,,,,,,,,,
,,,,,,,,172057079.0,708270347.0,,,,,,,,,,19.5,HTI,16,country_rankings,by_percent_funded,880327426.0,,,,,,,,,,,,,,
,,,,,,,,66498901.0,252477320.0,,,,,,,,,,20.8,CMR,17,country_rankings,by_percent_funded,318976221.0,,,,,,,,,,,,,,
,,,,,,,,215913333.0,770156294.0,,,,,,,,,,21.9,TCD,18,country_rankings,by_percent_funded,986069627.0,,,,,,,,,,,,,,
,,,,,,,,322015249.0,1141030807.0,,,,,,,,,,22.0,SSD,19,country_rankings,by_percent_funded,1463046056.0,,,,,,,,,,,,,,
,,,,,,,,131262552.0,403080032.0,,,,,,,,,,24.6,MOZ,20,country_rankings,by_percent_funded,534342584.0,,,,,,,,,,,,,,
,,,,,,,,245472134.0,644128664.0,,,,,,,,,,27.6,MMR,21,country_rankings,by_percent_funded,889600798.0,,,,,,,,,,,,,,
,,,,,,,,640227370.0,1663734605.0,,,,,,,,,,27.8,UKR,22,country_rankings,by_percent_funded,2303961975.0,,,,,,,,,,,,,,
,,,,,,,,430024823.0,973696895.0,,,,,,,,,,30.6,COD,23,country_rankings,by_percent_funded,1403721718.0,,,,,,,,,,,,,,
,,,,,,,,233087883.0,465287383.0,,,,,,,,,,33.4,BGD,24,country_rankings,by_percent_funded,698375266.0,,,,,,,,,,,,,,
,,,,,,,,188766423.0,327633000.0,,,,,,,,,,36.6,NGA,25,country_rankings,by_percent_funded,516399423.0,,,,,,,,,,,,,,
,,,,,,,,15834857.0,19465143.0,,,,,,,,,,44.9,LKA,26,country_rankings,by_percent_funded,35300000.0,,,,,,,,,,,,,,
,,,,,,,,152365573.0,134600794.0,,,,,,,,,,53.1,COL,27,country_rankings,by_percent_funded,286966367.0,,,,,,,,,,,,,,
,,,,,,,,107634318.0,-107634318.0,,,,,,,,,,nan,JOR,28,country_rankings,by_percent_funded,0.0,,,,,,,,,,,,,,
,,,,,,,,124214829.0,-124214829.0,,,,,,,,,,nan,LBY,29,country_rankings,by_percent_funded,0.0,,,,,,,,,,,,,,
,,,,,,,,,,,,,,,46200000.0,0.0,,21000000.0,,YEM,1,country_rankings,by_people_in_need,,,,,,,,,,,,,,,
,,,,,,,,,,,,,,,33699770.0,0.0,,20419163.0,,SDN,2,country_rankings,by_people_in_need,,,,,,,,,,,,,,,
,,,,,,,,,,,,,,,21889283.0,0.0,,17479657.0,,AFG,3,country_rankings,by_people_in_need,,,,,,,,,,,,,,,
,,,,,,,,,,,,,,,16500000.0,0.0,,10300000.0,,SYR,4,country_rankings,by_people_in_need,,,,,,,,,,,,,,,
,,,,,,,,,,,,,,,16229050.0,0.0,,4868096.0,,MMR,5,country_rankings,by_people_in_need,,,,,,,,,,,,,,,
,,,,,,,,,,,,,,,14940727.0,0.0,,7313763.0,,COD,6,country_rankings,by_people_in_need,,,,,,,,,,,,,,,
,,,,,,,,,,,,,,,10849697.0,0.0,,4118954.0,,UKR,7,country_rankings,by_people_in_need,,,,,,,,,,,,,,,
,,,,,,,,,,,,,,,9913863.0,0.0,,4343435.0,,SSD,8,country_rankings,by_people_in_need,,,,,,,,,,,,,,,
,,,,,,,,,,,,,,,7900000.0,0.0,,5400000.0,,VEN,9,country_rankings,by_people_in_need,,,,,,,,,,,,,,,
,,,,,,,,,,,,,,,6900000.0,0.0,,2600000.0,,COL,10,country_rankings,by_people_in_need,,,,,,,,,,,,,,,
,,,,,,,,,,,,,,,6414193.0,0.0,,4162202.0,,HTI,11,country_rankings,by_people_in_need,,,,,,,,,,,,,,,
,,,,,,,,,,,,,,,5900000.0,0.0,,2500000.0,,NGA,12,country_rankings,by_people_in_need,,,,,,,,,,,,,,,
,,,,,,,,,,,,,,,5100000.0,0.0,,3800000.0,,MLI,13,country_rankings,by_people_in_need,,,,,,,,,,,,,,,
,,,,,,,,,,,,,,,4796040.0,0.0,,2430751.0,,SOM,14,country_rankings,by_people_in_need,,,,,,,,,,,,,,,
,,,,,,,,,,,,,,,4509014.0,0.0,,3352810.0,,TCD,15,country_rankings,by_people_in_need,,,,,,,,,,,,,,,
,,,,,,,,,,,,,,,4400000.0,0.0,,3100000.0,,BFA,16,country_rankings,by_people_in_need,,,,,,,,,,,,,,,
,,,,,,,,,,,,,,,2900000.0,0.0,,1800000.0,,CMR,17,country_rankings,by_people_in_need,,,,,,,,,,,,,,,
,,,,,,,,,,,,,,,2600000.0,0.0,,1600000.0,,NER,18,country_rankings,by_people_in_need,,,,,,,,,,,,,,,
,,,,,,,,,,,,,,,2356162.0,0.0,,1745582.0,,MOZ,19,country_rankings,by_people_in_need,,,,,,,,,,,,,,,
,,,,,,,,,,,,,,,2286959.0,0.0,,1265483.0,,CAF,20,country_rankings,by_people_in_need,,,,,,,,,,,,,,,
,,,,,,,,,,,,,,,0.0,0.0,,0.0,,BGD,21,country_rankings,by_people_in_need,,,,,,,,,,,,,,,
,,,,,,,,,,,,,,,0.0,0.0,,0.0,,LKA,22,country_rankings,by_people_in_need,,,,,,,,,,,,,,,
,,,,,,,,,,,,,,,0.0,0.0,,0.0,,LBY,23,country_rankings,by_people_in_need,,,,,,,,,,,,,,,
,,,,,,,,,,,,,,,0.0,0.0,,0.0,,JOR,24,country_rankings,by_people_in_need,,,,,,,,,,,,,,,
,,,,,,,,,,,,,,,0.0,0.0,,0.0,,BRA,25,country_rankings,by_people_in_need,,,,,,,,,,,,,,,
,,,,,,,,,,,,,,,0.0,0.0,,0.0,,PAK,26,country_rankings,by_people_in_need,,,,,,,,,,,,,,,
,,,,,,,,,,,,,,,0.0,0.0,,0.0,,PSE,27,country_rankings,by_people_in_need,,,,,,,,,,,,,,,
,,,,,,,,,,,,,,,0.0,0.0,,0.0,,UGA,28,country_rankings,by_people_in_need,,,,,,,,,,,,,,,
,,,,,,,,,,,,,,,0.0,0.0,,0.0,,VNM,29,country_rankings,by_people_in_need,,,,,,,,,,,,,,,
,,,,,,,,,,,,,,,21889283.0,,,17479657.0,,AFG,1,country_rankings,by_coverage,,,,,,,,,,,,,,,
,,,,,,,,,,,,,,,5100000.0,,,3800000.0,,MLI,2,country_rankings,by_coverage,,,,,,,,,,,,,,,
,,,,,,,,,,,,,,,4509014.0,,,3352810.0,,TCD,3,country_rankings,by_coverage,,,,,,,,,,,,,,,
,,,,,,,,,,,,,,,2356162.0,,,1745582.0,,MOZ,4,country_rankings,by_coverage,,,,,,,,,,,,,,,
,,,,,,,,,,,,,,,4400000.0,,,3100000.0,,BFA,5,country_rankings,by_coverage,,,,,,,,,,,,,,,
,,,,,,,,,,,,,,,7900000.0,,,5400000.0,,VEN,6,country_rankings,by_coverage,,,,,,,,,,,,,,,
,,,,,,,,,,,,,,,6414193.0,,,4162202.0,,HTI,7,country_rankings,by_coverage,,,,,,,,,,,,,,,
,,,,,,,,,,,,,,,16500000.0,,,10300000.0,,SYR,8,country_rankings,by_coverage,,,,,,,,,,,,,,,
,,,,,,,,,,,,,,,2900000.0,,,1800000.0,,CMR,9,country_rankings,by_coverage,,,,,,,,,,,,,,,
,,,,,,,,,,,,,,,2600000.0,,,1600000.0,,NER,10,country_rankings,by_coverage,,,,,,,,,,,,,,,
,,,,,,,,,,,,,,,33699770.0,,,20419163.0,,SDN,11,country_rankings,by_coverage,,,,,,,,,,,,,,,
,,,,,,,,,,,,,,,2286959.0,,,1265483.0,,CAF,12,country_rankings,by_coverage,,,,,,,,,,,,,,,
,,,,,,,,,,,,,,,4796040.0,,,2430751.0,,SOM,13,country_rankings,by_coverage,,,,,,,,,,,,,,,
,,,,,,,,,,,,,,,14940727.0,,,7313763.0,,COD,14,country_rankings,by_coverage,,,,,,,,,,,,,,,
,,,,,,,,,,,,,,,46200000.0,,,21000000.0,,YEM,15,country_rankings,by_coverage,,,,,,,,,,,,,,,
,,,,,,,,,,,,,,,9913863.0,,,4343435.0,,SSD,16,country_rankings,by_coverage,,,,,,,,,,,,,,,
,,,,,,,,,,,,,,,5900000.0,,,2500000.0,,NGA,17,country_rankings,by_coverage,,,,,,,,,,,,,,,
,,,,,,,,,,,,,,,10849697.0,,,4118954.0,,UKR,18,country_rankings,by_coverage,,,,,,,,,,,,,,,
,,,,,,,,,,,,,,,6900000.0,,,2600000.0,,COL,19,country_rankings,by_coverage,,,,,,,,,,,,,,,
,,,,,,,,,,,,,,,16229050.0,,,4868096.0,,MMR,20,country_rankings,by_coverage,,,,,,,,,,,,,,,
,,,,,,,,,,,,,,,0.0,,,0.0,,BGD,21,country_rankings,by_coverage,,,,,,,,,,,,,,,
,,,,,,,,,,,,,,,0.0,,,0.0,,BRA,22,country_rankings,by_coverage,,,,,,,,,,,,,,,
,,,,,,,,,,,,,,,0.0,,,0.0,,JOR,23,country_rankings,by_coverage,,,,,,,,,,,,,,,
,,,,,,,,,,,,,,,0.0,,,0.0,,LBY,24,country_rankings,by_coverage,,,,,,,,,,,,,,,
,,,,,,,,,,,,,,,0.0,,,0.0,,LKA,25,country_rankings,by_coverage,,,,,,,,,,,,,,,
,,,,,,,,,,,,,,,0.0,,,0.0,,PAK,26,country_rankings,by_coverage,,,,,,,,,,,,,,,
,,,,,,,,,,,,,,,0.0,,,0.0,,PSE,27,country_rankings,by_coverage,,,,,,,,,,,,,,,
,,,,,,,,,,,,,,,0.0,,,0.0,,UGA,28,country_rankings,by_coverage,,,,,,,,,,,,,,,
,,,,,,,,,,,,,,,0.0,,,0.0,,VNM,29,country_rankings,by_coverage,,,,,,,,,,,,,,,
,,,,,,,,,,,,,,,16229050.0,,,4868096.0,,MMR,1,country_rankings,by_unmet_need_ratio,,,,,,,,,,,,,,,0.7000381414808631
,,,,,,,,,,,,,,,6900000.0,,,2600000.0,,COL,2,country_rankings,by_unmet_need_ratio,,,,,,,,,,,,,,,0.6231884057971014
,,,,,,,,,,,,,,,10849697.0,,,4118954.0,,UKR,3,country_rankings,by_unmet_need_ratio,,,,,,,,,,,,,,,0.6203623013619644
,,,,,,,,,,,,,,,5900000.0,,,2500000.0,,NGA,4,country_rankings,by_unmet_need_ratio,,,,,,,,,,,,,,,0.576271186440678
,,,,,,,,,,,,,,,9913863.0,,,4343435.0,,SSD,5,country_rankings,by_unmet_need_ratio,,,,,,,,,,,,,,,0.5618826889175289
,,,,,,,,,,,,,,,46200000.0,,,21000000.0,,YEM,6,country_rankings,by_unmet_need_ratio,,,,,,,,,,,,,,,0.5454545454545454
,,,,,,,,,,,,,,,14940727.0,,,7313763.0,,COD,7,country_rankings,by_unmet_need_ratio,,,,,,,,,,,,,,,0.5104814511368825
,,,,,,,,,,,,,,,4796040.0,,,2430751.0,,SOM,8,country_rankings,by_unmet_need_ratio,,,,,,,,,,,,,,,0.49317541138105603
,,,,,,,,,,,,,,,2286959.0,,,1265483.0,,CAF,9,country_rankings,by_unmet_need_ratio,,,,,,,,,,,,,,,0.4466525197871934
,,,,,,,,,,,,,,,33699770.0,,,20419163.0,,SDN,10,country_rankings,by_unmet_need_ratio,,,,,,,,,,,,,,,0.3940859833761477
,,,,,,,,,,,,,,,2600000.0,,,1600000.0,,NER,11,country_rankings,by_unmet_need_ratio,,,,,,,,,,,,,,,0.38461538461538464
,,,,,,,,,,,,,,,2900000.0,,,1800000.0,,CMR,12,country_rankings,by_unmet_need_ratio,,,,,,,,,,,,,,,0.3793103448275862
,,,,,,,,,,,,,,,16500000.0,,,10300000.0,,SYR,13,country_rankings,by_unmet_need_ratio,,,,,,,,,,,,,,,0.37575757575757573
,,,,,,,,,,,,,,,6414193.0,,,4162202.0,,HTI,14,country_rankings,by_unmet_need_ratio,,,,,,,,,,,,,,,0.3510949857604846
,,,,,,,,,,,,,,,7900000.0,,,5400000.0,,VEN,15,country_rankings,by_unmet_need_ratio,,,,,,,,,,,,,,,0.31645569620253167
,,,,,,,,,,,,,,,4400000.0,,,3100000.0,,BFA,16,country_rankings,by_unmet_need_ratio,,,,,,,,,,,,,,,0.29545454545454547
,,,,,,,,,,,,,,,2356162.0,,,1745582.0,,MOZ,17,country_rankings,by_unmet_need_ratio,,,,,,,,,,,,,,,0.2591417737829572
,,,,,,,,,,,,,,,4509014.0,,,3352810.0,,TCD,18,country_rankings,by_unmet_need_ratio,,,,,,,,,,,,,,,0.256420583302691
,,,,,,,,,,,,,,,5100000.0,,,3800000.0,,MLI,19,country_rankings,by_unmet_need_ratio,,,,,,,,,,,,,,,0.2549019607843137
,,,,,,,,,,,,,,,21889283.0,,,17479657.0,,AFG,20,country_rankings,by_unmet_need_ratio,,,,,,,,,,,,,,,0.2014513677766421
,,,,,,,,,,,,,,,0.0,,,0.0,,BGD,21,country_rankings,by_unmet_need_ratio,,,,,,,,,,,,,,,nan
,,,,,,,,,,,,,,,0.0,,,0.0,,BRA,22,country_rankings,by_unmet_need_ratio,,,,,,,,,,,,,,,nan
,,,,,,,,,,,,,,,0.0,,,0.0,,JOR,23,country_rankings,by_unmet_need_ratio,,,,,,,,,,,,,,,nan
,,,,,,,,,,,,,,,0.0,,,0.0,,LBY,24,country_rankings,by_unmet_need_ratio,,,,,,,,,,,,,,,nan
,,,,,,,,,,,,,,,0.0,,,0.0,,LKA,25,country_rankings,by_unmet_need_ratio,,,,,,,,,,,,,,,nan
,,,,,,,,,,,,,,,0.0,,,0.0,,PAK,26,country_rankings,by_unmet_need_ratio,,,,,,,,,,,,,,,nan
,,,,,,,,,,,,,,,0.0,,,0.0,,PSE,27,country_rankings,by_unmet_need_ratio,,,,,,,,,,,,,,,nan
,,,,,,,,,,,,,,,0.0,,,0.0,,UGA,28,country_rankings,by_unmet_need_ratio,,,,,,,,,,,,,,,nan
,,,,,,,,,,,,,,,0.0,,,0.0,,VNM,29,country_rankings,by_unmet_need_ratio,,,,,,,,,,,,,,,nan
,,,,,,,,640227370.0,,59.008778770503916,,,,,10849697.0,,,,,UKR,1,country_rankings,by_funding_per_need,,,,,,,,,,,,,,,
,,,,,,,,131262552.0,,55.7103255209107,,,,,2356162.0,,,,,MOZ,2,country_rankings,by_funding_per_need,,,,,,,,,,,,,,,
,,,,,,,,215913333.0,,47.8848220475696,,,,,4509014.0,,,,,TCD,3,country_rankings,by_funding_per_need,,,,,,,,,,,,,,,
,,,,,,,,322015249.0,,32.481309152648166,,,,,9913863.0,,,,,SSD,4,country_rankings,by_funding_per_need,,,,,,,,,,,,,,,
,,,,,,,,188766423.0,,31.994308983050846,,,,,5900000.0,,,,,NGA,5,country_rankings,by_funding_per_need,,,,,,,,,,,,,,,
,,,,,,,,430024823.0,,28.78205478220705,,,,,14940727.0,,,,,COD,6,country_rankings,by_funding_per_need,,,,,,,,,,,,,,,
,,,,,,,,172057079.0,,26.824431226188548,,,,,6414193.0,,,,,HTI,7,country_rankings,by_funding_per_need,,,,,,,,,,,,,,,
,,,,,,,,437301894.0,,26.50314509090909,,,,,16500000.0,,,,,SYR,8,country_rankings,by_funding_per_need,,,,,,,,,,,,,,,
,,,,,,,,66462854.0,,25.562636153846153,,,,,2600000.0,,,,,NER,9,country_rankings,by_funding_per_need,,,,,,,,,,,,,,,
,,,,,,,,111250193.0,,23.196260456543314,,,,,4796040.0,,,,,SOM,10,country_rankings,by_funding_per_need,,,,,,,,,,,,,,,
,,,,,,,,66498901.0,,22.93065551724138,,,,,2900000.0,,,,,CMR,11,country_rankings,by_funding_per_need,,,,,,,,,,,,,,,
,,,,,,,,152365573.0,,22.081967101449276,,,,,6900000.0,,,,,COL,12,country_rankings,by_funding_per_need,,,,,,,,,,,,,,,
,,,,,,,,47355888.0,,20.70692478527162,,,,,2286959.0,,,,,CAF,13,country_rankings,by_funding_per_need,,,,,,,,,,,,,,,
,,,,,,,,72939948.0,,16.57726090909091,,,,,4400000.0,,,,,BFA,14,country_rankings,by_funding_per_need,,,,,,,,,,,,,,,
,,,,,,,,245472134.0,,15.125477708183782,,,,,16229050.0,,,,,MMR,15,country_rankings,by_funding_per_need,,,,,,,,,,,,,,,
,,,,,,,,75201041.0,,14.745302156862746,,,,,5100000.0,,,,,MLI,16,country_rankings,by_funding_per_need,,,,,,,,,,,,,,,
,,,,,,,,488147337.0,,14.48518304427597,,,,,33699770.0,,,,,SDN,17,country_rankings,by_funding_per_need,,,,,,,,,,,,,,,
,,,,,,,,84012783.0,,10.634529493670886,,,,,7900000.0,,,,,VEN,18,country_rankings,by_funding_per_need,,,,,,,,,,,,,,,
,,,,,,,,214214587.0,,9.786277010535247,,,,,21889283.0,,,,,AFG,19,country_rankings,by_funding_per_need,,,,,,,,,,,,,,,
,,,,,,,,285915387.0,,6.188644740259741,,,,,46200000.0,,,,,YEM,20,country_rankings,by_funding_per_need,,,,,,,,,,,,,,,
,,,,,,,,233087883.0,,nan,,,,,0.0,,,,,BGD,21,country_rankings,by_funding_per_need,,,,,,,,,,,,,,,
,,,,,,,,67880713.0,,nan,,,,,0.0,,,,,BRA,22,country_rankings,by_funding_per_need,,,,,,,,,,,,,,,
,,,,,,,,107634318.0,,nan,,,,,0.0,,,,,JOR,23,country_rankings,by_funding_per_need,,,,,,,,,,,,,,,
,,,,,,,,124214829.0,,nan,,,,,0.0,,,,,LBY,24,country_rankings,by_funding_per_need,,,,,,,,,,,,,,,
,,,,,,,,15834857.0,,nan,,,,,0.0,,,,,LKA,25,country_rankings,by_funding_per_need,,,,,,,,,,,,,,,
,,,,,,,,11011245.0,,nan,,,,,0.0,,,,,PAK,26,country_rankings,by_funding_per_need,,,,,,,,,,,,,,,
,,,,,,,,451836549.0,,nan,,,,,0.0,,,,,PSE,27,country_rankings,by_funding_per_need,,,,,,,,,,,,,,,
,,,,,,,,13438960.0,,nan,,,,,0.0,,,,,UGA,28,country_rankings,by_funding_per_need,,,,,,,,,,,,,,,
,,,,,,,,3028917.0,,nan,,,,,0.0,,,,,VNM,29,country_rankings,by_funding_per_need,,,,,,,,,,,,,,,
,,,,,,,,640227370.0,,,155.4344549611382,,,,,,,4118954.0,,UKR,1,country_rankings,by_funding_per_target,,,,,,,,,,,,,,,
,,,,,,,,188766423.0,,,75.5065692,,,,,,,2500000.0,,NGA,2,country_rankings,by_funding_per_target,,,,,,,,,,,,,,,
,,,,,,,,131262552.0,,,75.19701280146106,,,,,,,1745582.0,,MOZ,3,country_rankings,by_funding_per_target,,,,,,,,,,,,,,,
,,,,,,,,322015249.0,,,74.13838333024438,,,,,,,4343435.0,,SSD,4,country_rankings,by_funding_per_target,,,,,,,,,,,,,,,
,,,,,,,,215913333.0,,,64.39772399867574,,,,,,,3352810.0,,TCD,5,country_rankings,by_funding_per_target,,,,,,,,,,,,,,,
,,,,,,,,430024823.0,,,58.79665816351993,,,,,,,7313763.0,,COD,6,country_rankings,by_funding_per_target,,,,,,,,,,,,,,,
,,,,,,,,152365573.0,,,58.60214346153846,,,,,,,2600000.0,,COL,7,country_rankings,by_funding_per_target,,,,,,,,,,,,,,,
,,,,,,,,245472134.0,,,50.424669932556796,,,,,,,4868096.0,,MMR,8,country_rankings,by_funding_per_target,,,,,,,,,,,,,,,
,,,,,,,,111250193.0,,,45.76782772073322,,,,,,,2430751.0,,SOM,9,country_rankings,by_funding_per_target,,,,,,,,,,,,,,,
,,,,,,,,437301894.0,,,42.456494563106794,,,,,,,10300000.0,,SYR,10,country_rankings,by_funding_per_target,,,,,,,,,,,,,,,
,,,,,,,,66462854.0,,,41.53928375,,,,,,,1600000.0,,NER,11,country_rankings,by_funding_per_target,,,,,,,,,,,,,,,
,,,,,,,,172057079.0,,,41.33799344673805,,,,,,,4162202.0,,HTI,12,country_rankings,by_funding_per_target,,,,,,,,,,,,,,,
,,,,,,,,47355888.0,,,37.42119649177429,,,,,,,1265483.0,,CAF,13,country_rankings,by_funding_per_target,,,,,,,,,,,,,,,
,,,,,,,,66498901.0,,,36.94383388888889,,,,,,,1800000.0,,CMR,14,country_rankings,by_funding_per_target,,,,,,,,,,,,,,,
,,,,,,,,488147337.0,,,23.90633430958948,,,,,,,20419163.0,,SDN,15,country_rankings,by_funding_per_target,,,,,,,,,,,,,,,
,,,,,,,,72939948.0,,,23.529015483870968,,,,,,,3100000.0,,BFA,16,country_rankings,by_funding_per_target,,,,,,,,,,,,,,,
,,,,,,,,75201041.0,,,19.789747631578948,,,,,,,3800000.0,,MLI,17,country_rankings,by_funding_per_target,,,,,,,,,,,,,,,
,,,,,,,,84012783.0,,,15.557922777777778,,,,,,,5400000.0,,VEN,18,country_rankings,by_funding_per_target,,,,,,,,,,,,,,,
,,,,,,,,285915387.0,,,13.615018428571428,,,,,,,21000000.0,,YEM,19,country_rankings,by_funding_per_target,,,,,,,,,,,,,,,
,,,,,,,,214214587.0,,,12.25507954761355,,,,,,,17479657.0,,AFG,20,country_rankings,by_funding_per_target,,,,,,,,,,,,,,,
,,,,,,,,233087883.0,,,nan,,,,,,,0.0,,BGD,21,country_rankings,by_funding_per_target,,,,,,,,,,,,,,,
,,,,,,,,67880713.0,,,nan,,,,,,,0.0,,BRA,22,country_rankings,by_funding_per_target,,,,,,,,,,,,,,,
,,,,,,,,107634318.0,,,nan,,,,,,,0.0,,JOR,23,country_rankings,by_funding_per_target,,,,,,,,,,,,,,,
,,,,,,,,124214829.0,,,nan,,,,,,,0.0,,LBY,24,country_rankings,by_funding_per_target,,,,,,,,,,,,,,,
,,,,,,,,15834857.0,,,nan,,,,,,,0.0,,LKA,25,country_rankings,by_funding_per_target,,,,,,,,,,,,,,,
,,,,,,,,11011245.0,,,nan,,,,,,,0.0,,PAK,26,country_rankings,by_funding_per_target,,,,,,,,,,,,,,,
,,,,,,,,451836549.0,,,nan,,,,,,,0.0,,PSE,27,country_rankings,by_funding_per_target,,,,,,,,,,,,,,,
,,,,,,,,13438960.0,,,nan,,,,,,,0.0,,UGA,28,country_rankings,by_funding_per_target,,,,,,,,,,,,,,,
,,,,,,,,3028917.0,,,nan,,,,,,,0.0,,VNM,29,country_rankings,by_funding_per_target,,,,,,,,,,,,,,,
,,,,,,,,,609156735.0,,,234.29105192307694,,,2600000.0,,,,,NER,1,country_rankings,by_gap_per_person,,,,,,,,,,,,,,,
,,,,,,,,,403080032.0,,,171.07483780826615,,,2356162.0,,,,,MOZ,2,country_rankings,by_gap_per_person,,,,,,,,,,,,,,,
,,,,,,,,,770156294.0,,,170.80370431318244,,,4509014.0,,,,,TCD,3,country_rankings,by_gap_per_person,,,,,,,,,,,,,,,
,,,,,,,,,740749807.0,,,154.4502979541455,,,4796040.0,,,,,SOM,4,country_rankings,by_gap_per_person,,,,,,,,,,,,,,,
,,,,,,,,,1663734605.0,,,153.34387725297768,,,10849697.0,,,,,UKR,5,country_rankings,by_gap_per_person,,,,,,,,,,,,,,,
,,,,,,,,,2484882936.0,,,150.59896581818182,,,16500000.0,,,,,SYR,6,country_rankings,by_gap_per_person,,,,,,,,,,,,,,,
,,,,,,,,,585546411.0,,,133.07872977272729,,,4400000.0,,,,,BFA,7,country_rankings,by_gap_per_person,,,,,,,,,,,,,,,
,,,,,,,,,1141030807.0,,,115.09446993568501,,,9913863.0,,,,,SSD,8,country_rankings,by_gap_per_person,,,,,,,,,,,,,,,
,,,,,,,,,708270347.0,,,110.42236287557921,,,6414193.0,,,,,HTI,9,country_rankings,by_gap_per_person,,,,,,,,,,,,,,,
,,,,,,,,,502665371.0,,,98.56183745098039,,,5100000.0,,,,,MLI,10,country_rankings,by_gap_per_person,,,,,,,,,,,,,,,
,,,,,,,,,216741500.0,,,94.77279653898474,,,2286959.0,,,,,CAF,11,country_rankings,by_gap_per_person,,,,,,,,,,,,,,,
,,,,,,,,,252477320.0,,,87.0611448275862,,,2900000.0,,,,,CMR,12,country_rankings,by_gap_per_person,,,,,,,,,,,,,,,
,,,,,,,,,2378081256.0,,,70.56669098928569,,,33699770.0,,,,,SDN,13,country_rankings,by_gap_per_person,,,,,,,,,,,,,,,
,,,,,,,,,548179189.0,,,69.38977075949367,,,7900000.0,,,,,VEN,14,country_rankings,by_gap_per_person,,,,,,,,,,,,,,,
,,,,,,,,,1499966909.0,,,68.525173209191,,,21889283.0,,,,,AFG,15,country_rankings,by_gap_per_person,,,,,,,,,,,,,,,
,,,,,,,,,973696895.0,,,65.17065033046919,,,14940727.0,,,,,COD,16,country_rankings,by_gap_per_person,,,,,,,,,,,,,,,
,,,,,,,,,327633000.0,,,55.531016949152544,,,5900000.0,,,,,NGA,17,country_rankings,by_gap_per_person,,,,,,,,,,,,,,,
,,,,,,,,,1876647949.0,,,40.620085476190475,,,46200000.0,,,,,YEM,18,country_rankings,by_gap_per_person,,,,,,,,,,,,,,,
,,,,,,,,,644128664.0,,,39.68985639948118,,,16229050.0,,,,,MMR,19,country_rankings,by_gap_per_person,,,,,,,,,,,,,,,
,,,,,,,,,134600794.0,,,19.50736144927536,,,6900000.0,,,,,COL,20,country_rankings,by_gap_per_person,,,,,,,,,,,,,,,
,,,,,,,,,465287383.0,,,nan,,,0.0,,,,,BGD,21,country_rankings,by_gap_per_person,,,,,,,,,,,,,,,
,,,,,,,,,669592309.0,,,nan,,,0.0,,,,,BRA,22,country_rankings,by_gap_per_person,,,,,,,,,,,,,,,
,,,,,,,,,-107634318.0,,,nan,,,0.0,,,,,JOR,23,country_rankings,by_gap_per_person,,,,,,,,,,,,,,,
,,,,,,,,,-124214829.0,,,nan,,,0.0,,,,,LBY,24,country_rankings,by_gap_per_person,,,,,,,,,,,,,,,
,,,,,,,,,19465143.0,,,nan,,,0.0,,,,,LKA,25,country_rankings,by_gap_per_person,,,,,,,,,,,,,,,
,,,,,,,,,53932664.0,,,nan,,,0.0,,,,,PAK,26,country_rankings,by_gap_per_person,,,,,,,,,,,,,,,
,,,,,,,,,3612469259.0,,,nan,,,0.0,,,,,PSE,27,country_rankings,by_gap_per_person,,,,,,,,,,,,,,,
,,,,,,,,,815261040.0,,,nan,,,0.0,,,,,UGA,28,country_rankings,by_gap_per_person,,,,,,,,,,,,,,,
,,,,,,,,,58103449.0,,,nan,,,0.0,,,,,VNM,29,country_rankings,by_gap_per_person,,,,,,,,,,,,,,,
,,,,,,,,,,,,,,,21889283.0,0.0,,,,AFG,1,country_rankings,by_reached_ratio,,,,,,,,,,,,,,,
,,,,,,,,,,,,,,,4400000.0,0.0,,,,BFA,2,country_rankings,by_reached_ratio,,,,,,,,,,,,,,,
,,,,,,,,,,,,,,,2286959.0,0.0,,,,CAF,3,country_rankings,by_reached_ratio,,,,,,,,,,,,,,,
,,,,,,,,,,,,,,,2900000.0,0.0,,,,CMR,4,country_rankings,by_reached_ratio,,,,,,,,,,,,,,,
,,,,,,,,,,,,,,,14940727.0,0.0,,,,COD,5,country_rankings,by_reached_ratio,,,,,,,,,,,,,,,
,,,,,,,,,,,,,,,6900000.0,0.0,,,,COL,6,country_rankings,by_reached_ratio,,,,,,,,,,,,,,,
,,,,,,,,,,,,,,,6414193.0,0.0,,,,HTI,7,country_rankings,by_reached_ratio,,,,,,,,,,,,,,,
,,,,,,,,,,,,,,,5100000.0,0.0,,,,MLI,8,country_rankings,by_reached_ratio,,,,,,,,,,,,,,,
,,,,,,,,,,,,,,,16229050.0,0.0,,,,MMR,9,country_rankings,by_reached_ratio,,,,,,,,,,,,,,,
,,,,,,,,,,,,,,,2356162.0,0.0,,,,MOZ,10,country_rankings,by_reached_ratio,,,,,,,,,,,,,,,
,,,,,,,,,,,,,,,2600000.0,0.0,,,,NER,11,country_rankings,by_reached_ratio,,,,,,,,,,,,,,,
,,,,,,,,,,,,,,,5900000.0,0.0,,,,NGA,12,country_rankings,by_reached_ratio,,,,,,,,,,,,,,,
,,,,,,,,,,,,,,,33699770.0,0.0,,,,SDN,13,country_rankings,by_reached_ratio,,,,,,,,,,,,,,,
,,,,,,,,,,,,,,,4796040.0,0.0,,,,SOM,14,country_rankings,by_reached_ratio,,,,,,,,,,,,,,,
,,,,,,,,,,,,,,,9913863.0,0.0,,,,SSD,15,country_rankings,by_reached_ratio,,,,,,,,,,,,,,,
,,,,,,,,,,,,,,,16500000.0,0.0,,,,SYR,16,country_rankings,by_reached_ratio,,,,,,,,,,,,,,,
,,,,,,,,,,,,,,,4509014.0,0.0,,,,TCD,17,country_rankings,by_reached_ratio,,,,,,,,,,,,,,,
,,,,,,,,,,,,,,,10849697.0,0.0,,,,UKR,18,country_rankings,by_reached_ratio,,,,,,,,,,,,,,,
,,,,,,,,,,,,,,,7900000.0,0.0,,,,VEN,19,country_rankings,by_reached_ratio,,,,,,,,,,,,,,,
,,,,,,,,,,,,,,,46200000.0,0.0,,,,YEM,20,country_rankings,by_reached_ratio,,,,,,,,,,,,,,,
,,,,,,,,,,,,,,,0.0,0.0,,,,BGD,21,country_rankings,by_reached_ratio,,,,,,,,,,,,,,,
,,,,,,,,,,,,,,,0.0,0.0,,,,BRA,22,country_rankings,by_reached_ratio,,,,,,,,,,,,,,,
,,,,,,,,,,,,,,,0.0,0.0,,,,JOR,23,country_rankings,by_reached_ratio,,,,,,,,,,,,,,,
,,,,,,,,,,,,,,,0.0,0.0,,,,LBY,24,country_rankings,by_reached_ratio,,,,,,,,,,,,,,,
,,,,,,,,,,,,,,,0.0,0.0,,,,LKA,25,country_rankings,by_reached_ratio,,,,,,,,,,,,,,,
,,,,,,,,,,,,,,,0.0,0.0,,,,PAK,26,country_rankings,by_reached_ratio,,,,,,,,,,,,,,,
,,,,,,,,,,,,,,,0.0,0.0,,,,PSE,27,country_rankings,by_reached_ratio,,,,,,,,,,,,,,,
,,,,,,,,,,,,,,,0.0,0.0,,,,UGA,28,country_rankings,by_reached_ratio,,,,,,,,,,,,,,,
,,,,,,,,,,,,,,,0.0,0.0,,,,VNM,29,country_rankings,by_reached_ratio,,,,,,,,,,,,,,,
,food_security,,,,,,,,,,,,,,93368632.0,,,45079354.0,,,1,category_rankings,by_people_in_need,,,,,,,,,,,,,,,
,health,,,,,,,,,,,,,,59648869.0,,,25380163.0,,,2,category_rankings,by_people_in_need,,,,,,,,,,,,,,,
,protection,,,,,,,,,,,,,,49311068.0,,,18842073.0,,,3,category_rankings,by_people_in_need,,,,,,,,,,,,,,,
,hygiene,,,,,,,,,,,,,,33341325.0,,,14685473.0,,,4,category_rankings,by_people_in_need,,,,,,,,,,,,,,,
,education,,,,,,,,,,,,,,25397687.0,,,7176367.0,,,5,category_rankings,by_people_in_need,,,,,,,,,,,,,,,
,camp_coordination_and_camp_management,,,,,,,,,,,,,,7109805.0,,,2908800.0,,,6,category_rankings,by_people_in_need,,,,,,,,,,,,,,,
,other,,,,,,,,,,,,,,0.0,,,2243947.0,,,7,category_rankings,by_people_in_need,,,,,,,,,,,,,,,
,food_security,,,,,,,,,,,,,,93368632.0,,,45079354.0,,,1,category_rankings,by_category_coverage,,,,,,,,,,,,,,,
,hygiene,,,,,,,,,,,,,,33341325.0,,,14685473.0,,,2,category_rankings,by_category_coverage,,,,,,,,,,,,,,,
,health,,,,,,,,,,,,,,59648869.0,,,25380163.0,,,3,category_rankings,by_category_coverage,,,,,,,,,,,,,,,
,camp_coordination_and_camp_management,,,,,,,,,,,,,,7109805.0,,,2908800.0,,,4,category_rankings,by_category_coverage,,,,,,,,,,,,,,,
,protection,,,,,,,,,,,,,,49311068.0,,,18842073.0,,,5,category_rankings,by_category_coverage,,,,,,,,,,,,,,,
,education,,,,,,,,,,,,,,25397687.0,,,7176367.0,,,6,category_rankings,by_category_coverage,,,,,,,,,,,,,,,
,other,,,,,,,,,,,,,,0.0,,,2243947.0,,,7,category_rankings,by_category_coverage,,,,,,,,,,,,,,,
,education,,,,,,,,,,,,,,25397687.0,,,7176367.0,,,1,category_rankings,by_category_gap,,,,,,,,,,,,,,,0.7174401353950066
,protection,,,,,,,,,,,,,,49311068.0,,,18842073.0,,,2,category_rankings,by_category_gap,,,,,,,,,,,,,,,0.6178936339403559
,camp_coordination_and_camp_management,,,,,,,,,,,,,,7109805.0,,,2908800.0,,,3,category_rankings,by_category_gap,,,,,,,,,,,,,,,0.5908748552175481
,health,,,,,,,,,,,,,,59648869.0,,,25380163.0,,,4,category_rankings,by_category_gap,,,,,,,,,,,,,,,0.5745072215870514
,hygiene,,,,,,,,,,,,,,33341325.0,,,14685473.0,,,5,category_rankings,by_category_gap,,,,,,,,,,,,,,,0.5595414099469652
,food_security,,,,,,,,,,,,,,93368632.0,,,45079354.0,,,6,category_rankings,by_category_gap,,,,,,,,,,,,,,,0.5171895203519743
,other,,,,,,,,,,,,,,0.0,,,2243947.0,,,7,category_rankings,by_category_gap,,,,,,,,,,,,,,,nan
