Year,Donor,Donor type,Paid,Pledged,Total
2018,Andorra,Member State,5636,0,5636
2018,Australia,Member State,764291,0,764291
2018,Australia,Member State,2287436,0,2287436
2018,Australia,Member State,7466117,0,7466117
2018,Australia,Member State,3026520,0,3026520
2018,Australia,Member State,2580188,0,2580188
2018,Belgium,Member State,1848900,0,1848900
2018,Belgium,Member State,5450550,0,5450550
2018,Belgium,Member State,3703703,0,3703703
2018,Belgium,Member State,1851851,0,1851851
2018,Belgium,Member State,1851851,0,1851851
2018,Belgium,Member State,2469135,0,2469135
2018,Belgium,Member State,2962962,0,2962962
2018,Belgium,Member State,4930400,0,4930400
2018,Belgium,Member State,8950617,0,8950617
2018,Belgium,Member State,4938271,0,4938271
2018,Belgium,Member State,8950617,0,8950617
2018,Canada,Member State,771724,0,771724
2018,Canada,Member State,1592737,0,1592737
2018,Canada,Member State,381401,0,381401
2018,Canada,Member State,773961,0,773961
2018,Canada,Member State,77454,0,77454
2018,Canada,Member State,388289,0,388289
2018,Canada,Member State,1566968,0,1566968
2018,Canada,Member State,622261,0,622261
2018,Canada,Member State,3090379,0,3090379
2018,Canada,Member State,4839774,0,4839774
2018,Canada,Member State,772594,0,772594
2018,Colombia,Member State,50000,0,50000
2018,Cyprus,Member State,11376,0,11376
2018,Cyprus,Member State,35377,0,35377
2018,Denmark,Member State,3032002,0,3032002
2018,Denmark,Member State,3230495,0,3230495
2018,Denmark,Member State,3053860,0,3053860
2018,Denmark,Member State,2306940,0,2306940
2018,Denmark,Member State,4038119,0,4038119
2018,Denmark,Member State,4120041,0,4120041
2018,Denmark,Member State,3043769,0,3043769
2018,Denmark,Member State,4040857,0,4040857
2018,Denmark,Member State,9663250,0,9663250
2018,Denmark,Member State,4040857,0,4040857
2018,France,Member State,364050,0,364050
2018,France,Member State,455062,0,455062
2018,France,Member State,5867261,0,5867261
2018,Germany,Member State,568106,0,568106
2018,Germany,Member State,6223800,0,6223800
2018,Germany,Member State,19536077,0,19536077
2018,Germany,Member State,14883566,0,14883566
2018,Germany,Member State,9318181,0,9318181
2018,Germany,Member State,2844141,0,2844141
2018,Germany,Member State,2844141,0,2844141
2018,Germany,Member State,1136363,0,1136363
2018,Germany,Member State,6590909,0,6590909
2018,Germany,Member State,5925094,0,5925094
2018,Germany,Member State,4557200,0,4557200
2018,Germany,Member State,13635600,0,13635600
2018,Germany,Member State,21095700,0,21095700
2018,Germany,Member State,43846578,0,43846578
2018,Germany,Member State,22574635,0,22574635
2018,Iceland,Member State,251990,0,251990
2018,Iceland,Member State,239165,0,239165
2018,Iceland,Member State,239165,0,239165
2018,Iceland,Member State,251990,0,251990
2018,Ireland,Member State,3580776,0,3580776
2018,Ireland,Member State,3675576,0,3675576
2018,Ireland,Member State,8970117,0,8970117
2018,Ireland,Member State,2469135,0,2469135
2018,Ireland,Member State,1851851,0,1851851
2018,Ireland,Member State,2415458,0,2415458
2018,Ireland,Member State,2285714,0,2285714
2018,Ireland,Member State,341296,0,341296
2018,Ireland,Member State,3635376,0,3635376
2018,Ireland,Member State,3635376,0,3635376
2018,Ireland,Member State,4802852,0,4802852
2018,Ireland,Member State,6075927,0,6075927
2018,Ireland,Member State,3086419,0,3086419
2018,Italy,Member State,585480,0,585480
2018,Italy,Member State,568181,0,568181
2018,Italy,Member State,1706484,0,1706484
2018,Jersey,Member State,705218,0,705218
2018,Republic of Korea,Member State,1000000,0,1000000
2018,Republic of Korea,Member State,200000,0,200000
2018,Republic of Korea,Member State,500000,0,500000
2018,Republic of Korea,Member State,300000,0,300000
2018,Republic of Korea,Member State,1000000,0,1000000
2018,Republic of Korea,Member State,500000,0,500000
2018,Republic of Korea,Member State,800000,0,800000
2018,Republic of Korea,Member State,1000000,0,1000000
2018,Kuwait,Member State,100000,0,100000
2018,Kuwait,Member State,5000000,0,5000000
2018,Lithuania,Member State,24691,0,24691
2018,Luxembourg,Member State,370535,0,370535
2018,Luxembourg,Member State,370535,0,370535
2018,Luxembourg,Member State,370370,0,370370
2018,Luxembourg,Member State,370370,0,370370
2018,Luxembourg,Member State,370370,0,370370
2018,Luxembourg,Member State,370535,0,370535
2018,Luxembourg,Member State,370370,0,370370
2018,Luxembourg,Member State,370370,0,370370
2018,Malaysia,Member State,100000,0,100000
2018,Malta,Member State,31055,0,31055
2018,Malta,Member State,34722,0,34722
2018,Montenegro,Member State,12345,0,12345
2018,Netherlands,Member State,8250200,0,8250200
2018,Netherlands,Member State,8254716,0,8254716
2018,Netherlands,Member State,8254716,0,8254716
2018,Netherlands,Member State,4697600,0,4697600
2018,Netherlands,Member State,12472100,0,12472100
2018,Netherlands,Member State,6038647,0,6038647
2018,Netherlands,Member State,18966842,0,18966842
2018,Netherlands,Member State,14302059,0,14302059
2018,New Zealand,Member State,686598,0,686598
2018,Norway,Member State,2163811,0,2163811
2018,Norway,Member State,2088084,0,2088084
2018,Norway,Member State,2790962,0,2790962
2018,Norway,Member State,7174971,0,7174971
2018,Norway,Member State,1234680,0,1234680
2018,Norway,Member State,5230807,0,5230807
2018,Norway,Member State,9918121,0,9918121
2018,Norway,Member State,5173465,0,5173465
2018,Norway,Member State,4320200,0,4320200
2018,Norway,Member State,5876508,0,5876508
2018,Philippines,Member State,10000,0,10000
2018,Portugal,Member State,165136,0,165136
2018,Qatar,Member State,999960,0,999960
2018,Qatar,Member State,999991,0,999991
2018,Qatar,Member State,499995,0,499995
2018,Qatar,Member State,499995,0,499995
2018,Qatar,Member State,472899,0,472899
2018,Saudi Arabia,Member State,25000000,0,25000000
2018,Spain,Member State,707547,0,707547
2018,Spain,Member State,1179245,0,1179245
2018,Spain,Member State,589622,0,589622
2018,Sweden,Member State,12196079,0,12196079
2018,Sweden,Member State,1482102,0,1482102
2018,Sweden,Member State,12160620,0,12160620
2018,Sweden,Member State,6674818,0,6674818
2018,Sweden,Member State,1893890,0,1893890
2018,Sweden,Member State,3314696,0,3314696
2018,Sweden,Member State,1893890,0,1893890
2018,Sweden,Member State,1262593,0,1262593
2018,Sweden,Member State,2525187,0,2525187
2018,Sweden,Member State,3576132,0,3576132
2018,Sweden,Member State,2903966,0,2903966
2018,Sweden,Member State,7039986,0,7039986
2018,Sweden,Member State,9782770,0,9782770
2018,Sweden,Member State,9487463,0,9487463
2018,Sweden,Member State,3201909,0,3201909
2018,Sweden,Member State,10118651,0,10118651
2018,Sweden,Member State,3945993,0,3945993
2018,Switzerland,Member State,1119930,0,1119930
2018,Switzerland,Member State,1511182,0,1511182
2018,Switzerland,Member State,1511597,0,1511597
2018,Switzerland,Member State,501504,0,501504
2018,Switzerland,Member State,202020,0,202020
2018,Switzerland,Member State,1518218,0,1518218
2018,Switzerland,Member State,3014111,0,3014111
2018,Switzerland,Member State,994332,0,994332
2018,Switzerland,Member State,1529472,0,1529472
2018,Switzerland,Member State,1810735,0,1810735
2018,Switzerland,Member State,1015228,0,1015228
2018,Switzerland,Member State,3544189,0,3544189
2018,Switzerland,Member State,2526858,0,2526858
2018,United Arab Emirates,Member State,25000000,0,25000000
2018,United Kingdom,Member State,24011950,0,24011950
2018,United Kingdom,Member State,8354890,0,8354890
2018,United Kingdom,Member State,36518818,0,36518818
2018,United Kingdom,Member State,25512638,0,25512638
2018,United Kingdom,Member State,17170378,0,17170378
2018,United Kingdom,Member State,3342245,0,3342245
2018,United Kingdom,Member State,4078167,0,4078167
2018,United Kingdom,Member State,23319400,0,23319400
2018,United Kingdom,Member State,6441980,0,6441980
2018,United Kingdom,Member State,16846050,0,16846050
2018,United Kingdom,Member State,1278772,0,1278772
2018,United Kingdom,Member State,39186128,0,39186128
2018,United Kingdom,Member State,44771663,0,44771663
2018,United States of America,Member State,14750000,0,14750000
2018,United States of America,Member State,10000000,0,10000000
2018,United States of America,Member State,4250000,0,4250000
2018,United States of America,Member State,5000000,0,5000000
2018,Private donations (through UNF),Private Contributions through UNF,2339,0,2339
2018,Private donations (through UNF),Private Contributions through UNF,10823,0,10823
2018,Private donations (through UNF),Private Contributions through UNF,887,0,887
2018,Private donations (through UNF),Private Contributions through UNF,3491,0,3491
2018,Private donations (through UNF),Private Contributions through UNF,100158,0,100158
2018,Private donations (through UNF),Private Contributions through UNF,142709,0,142709
2019,Australia,Member State,3593985,0,3593985
2019,Australia,Member State,3538018,0,3538018
2019,Australia,Member State,5289228,0,5289228
2019,Australia,Member State,2839592,0,2839592
2019,Azerbaijan,Member State,20000,0,20000
2019,Belgium,Member State,2251000,0,2251000
2019,Belgium,Member State,6168071,0,6168071
2019,Belgium,Member State,4545454,0,4545454
2019,Belgium,Member State,1136363,0,1136363
2019,Belgium,Member State,1704545,0,1704545
2019,Belgium,Member State,3409090,0,3409090
2019,Belgium,Member State,3977272,0,3977272
2019,Belgium,Member State,3376500,0,3376500
2019,Belgium,Member State,7954545,0,7954545
2019,Belgium,Member State,5681818,0,5681818
2019,Belgium,Member State,7954545,0,7954545
2019,Canada,Member State,757182,0,757182
2019,Canada,Member State,762266,0,762266
2019,Canada,Member State,2850712,0,2850712
2019,Canada,Member State,745291,0,745291
2019,Canada,Member State,377210,0,377210
2019,Canada,Member State,743658,0,743658
2019,Canada,Member State,453733,0,453733
2019,Canada,Member State,1442460,0,1442460
2019,Canada,Member State,764906,0,764906
2019,Canada,Member State,3752924,0,3752924
2019,Canada,Member State,5250119,0,5250119
2019,Canada,Member State,1879910,0,1879910
2019,Cyprus,Member State,56818,0,56818
2019,Czech Republic,Member State,430607,0,430607
2019,Denmark,Member State,5224094,0,5224094
2019,Denmark,Member State,3043167,0,3043167
2019,Denmark,Member State,4143635,0,4143635
2019,Denmark,Member State,1517344,0,1517344
2019,Denmark,Member State,2204320,0,2204320
2019,Denmark,Member State,7191743,0,7191743
2019,Denmark,Member State,3815570,0,3815570
2019,Denmark,Member State,5310669,0,5310669
2019,Denmark,Member State,9746209,0,9746209
2019,Denmark,Member State,3744245,0,3744245
2019,Estonia,Member State,56882,0,56882
2019,France,Member State,11479397,0,11479397
2019,Germany,Member State,3222746,0,3222746
2019,Germany,Member State,5599500,0,5599500
2019,Germany,Member State,11217000,0,11217000
2019,Germany,Member State,11273957,0,11273957
2019,Germany,Member State,1137656,0,1137656
2019,Germany,Member State,2200220,0,2200220
2019,Germany,Member State,2750275,0,2750275
2019,Germany,Member State,1668524,0,1668524
2019,Germany,Member State,6825938,0,6825938
2019,Germany,Member State,12471409,0,12471409
2019,Germany,Member State,3337905,0,3337905
2019,Germany,Member State,13460552,0,13460552
2019,Germany,Member State,14618350,0,14618350
2019,Germany,Member State,2229654,0,2229654
2019,Germany,Member State,2779709,0,2779709
2019,Germany,Member State,42142874,0,42142874
2019,Germany,Member State,29754607,0,29754607
2019,Iceland,Member State,198838,0,198838
2019,Iceland,Member State,198838,0,198838
2019,Ireland,Member State,3366576,0,3366576
2019,Ireland,Member State,3381876,0,3381876
2019,Ireland,Member State,3373511,0,3373511
2019,Ireland,Member State,1137656,0,1137656
2019,Ireland,Member State,561167,0,561167
2019,Ireland,Member State,2244668,0,2244668
2019,Ireland,Member State,1136363,0,1136363
2019,Ireland,Member State,330033,0,330033
2019,Ireland,Member State,3439221,0,3439221
2019,Ireland,Member State,3378576,0,3378576
2019,Ireland,Member State,4504776,0,4504776
2019,Ireland,Member State,5688282,0,5688282
2019,Ireland,Member State,2805836,0,2805836
2019,Italy,Member State,551267,0,551267
2019,Italy,Member State,550055,0,550055
2019,Italy,Member State,550055,0,550055
2019,Italy,Member State,1100110,0,1100110
2019,Italy,Member State,550055,0,550055
2019,Italy,Member State,2197802,0,2197802
2019,Japan,Member State,400000,0,400000
2019,Jersey,Member State,578005,0,578005
2019,Jersey,Member State,451280,0,451280
2019,Jersey,Member State,515630,0,515630
2019,Republic of Korea,Member State,1000000,0,1000000
2019,Republic of Korea,Member State,200000,0,200000
2019,Republic of Korea,Member State,200000,0,200000
2019,Republic of Korea,Member State,500000,0,500000
2019,Republic of Korea,Member State,800000,0,800000
2019,Republic of Korea,Member State,200000,0,200000
2019,Republic of Korea,Member State,500000,0,500000
2019,Republic of Korea,Member State,1000000,0,1000000
2019,Republic of Korea,Member State,400000,0,400000
2019,Republic of Korea,Member State,2000000,0,2000000
2019,Republic of Korea,Member State,1000000,0,1000000
2019,Kuwait,Member State,2000000,0,2000000
2019,Lithuania,Member State,109409,0,109409
2019,Lithuania,Member State,22753,0,22753
2019,Luxembourg,Member State,397727,0,397727
2019,Luxembourg,Member State,397727,0,397727
2019,Luxembourg,Member State,397727,0,397727
2019,Luxembourg,Member State,397727,0,397727
2019,Luxembourg,Member State,397727,0,397727
2019,Luxembourg,Member State,397727,0,397727
2019,Luxembourg,Member State,397727,0,397727
2019,Luxembourg,Member State,388888,0,388888
2019,Luxembourg,Member State,397727,0,397727
2019,Malaysia,Member State,10000,0,10000
2019,Malaysia,Member State,100000,0,100000
2019,Malaysia,Member State,10000,0,10000
2019,Malaysia,Member State,100000,0,100000
2019,Malta,Member State,54945,0,54945
2019,Monaco,Member State,113765,0,113765
2019,Netherlands,Member State,7793443,0,7793443
2019,Netherlands,Member State,5574136,0,5574136
2019,Netherlands,Member State,5574136,0,5574136
2019,Netherlands,Member State,2226698,0,2226698
2019,Netherlands,Member State,6786000,0,6786000
2019,Netherlands,Member State,7793443,0,7793443
2019,Netherlands,Member State,5406911,0,5406911
2019,Netherlands,Member State,12922332,0,12922332
2019,Netherlands,Member State,8593036,0,8593036
2019,New Zealand,Member State,1283250,0,1283250
2019,New Zealand,Member State,962438,0,962438
2019,Norway,Member State,1539569,0,1539569
2019,Norway,Member State,1009709,0,1009709
2019,Norway,Member State,3917101,0,3917101
2019,Norway,Member State,1086524,0,1086524
2019,Norway,Member State,575996,0,575996
2019,Norway,Member State,5569082,0,5569082
2019,Norway,Member State,7939618,0,7939618
2019,Norway,Member State,9796758,0,9796758
2019,Norway,Member State,722156,0,722156
2019,Norway,Member State,3685037,0,3685037
2019,Norway,Member State,8652901,0,8652901
2019,Philippines,Member State,10000,0,10000
2019,Poland,Member State,516184,0,516184
2019,Qatar,Member State,999960,0,999960
2019,Qatar,Member State,999994,0,999994
2019,Qatar,Member State,499997,0,499997
2019,Qatar,Member State,999994,0,999994
2019,Spain,Member State,287026,0,287026
2019,Spain,Member State,663716,0,663716
2019,Spain,Member State,1659292,0,1659292
2019,Spain,Member State,553097,0,553097
2019,Sweden,Member State,9345092,0,9345092
2019,Sweden,Member State,1631568,0,1631568
2019,Sweden,Member State,10811473,0,10811473
2019,Sweden,Member State,7725706,0,7725706
2019,Sweden,Member State,1514069,0,1514069
2019,Sweden,Member State,1081478,0,1081478
2019,Sweden,Member State,2664373,0,2664373
2019,Sweden,Member State,865182,0,865182
2019,Sweden,Member State,3802685,0,3802685
2019,Sweden,Member State,2162956,0,2162956
2019,Sweden,Member State,2487399,0,2487399
2019,Sweden,Member State,7555437,0,7555437
2019,Sweden,Member State,8618020,0,8618020
2019,Sweden,Member State,6481528,0,6481528
2019,Sweden,Member State,6891650,0,6891650
2019,Sweden,Member State,1077483,0,1077483
2019,Sweden,Member State,8111086,0,8111086
2019,Sweden,Member State,6363098,0,6363098
2019,Switzerland,Member State,599965,0,599965
2019,Switzerland,Member State,653225,0,653225
2019,Switzerland,Member State,1028806,0,1028806
2019,Switzerland,Member State,495540,0,495540
2019,Switzerland,Member State,813008,0,813008
2019,Switzerland,Member State,792864,0,792864
2019,Switzerland,Member State,2981433,0,2981433
2019,Switzerland,Member State,3037795,0,3037795
2019,Switzerland,Member State,2084285,0,2084285
2019,Switzerland,Member State,1997203,0,1997203
2019,Switzerland,Member State,3290194,0,3290194
2019,Switzerland,Member State,4335376,0,4335376
2019,Switzerland,Member State,1510068,0,1510068
2019,Ukraine,Member State,381463,0,381463
2019,United Kingdom,Member State,67140220,0,67140220
2019,United Kingdom,Member State,7263060,0,7263060
2019,United Kingdom,Member State,30133044,0,30133044
2019,United Kingdom,Member State,22928289,0,22928289
2019,United Kingdom,Member State,7907542,0,7907542
2019,United Kingdom,Member State,3152585,0,3152585
2019,United Kingdom,Member State,2617801,0,2617801
2019,United Kingdom,Member State,29021440,0,29021440
2019,United Kingdom,Member State,4910080,0,4910080
2019,United Kingdom,Member State,13849160,0,13849160
2019,United Kingdom,Member State,19937525,0,19937525
2019,United Kingdom,Member State,59831416,0,59831416
2019,United Kingdom,Member State,51001902,0,51001902
2019,United States of America,Member State,3000000,0,3000000
2019,United States of America,Member State,9750000,0,9750000
2019,United States of America,Member State,4500000,0,4500000
2019,United States of America,Member State,8000000,0,8000000
2019,United States of America,Member State,1000000,0,1000000
2019,United States of America,Member State,5000000,0,5000000
2020,Australia,Member State,5864836,0,5864836
2020,Australia,Member State,4234529,0,4234529
2020,Australia,Member State,1306308,0,1306308
2020,Australia,Member State,2522590,0,2522590
2020,Azerbaijan,Member State,25000,0,25000
2020,Belgium,Member State,10031470,0,10031470
2020,Belgium,Member State,4343105,0,4343105
2020,Belgium,Member State,5109272,0,5109272
2020,Belgium,Member State,5428881,0,5428881
2020,Belgium,Member State,4343105,0,4343105
2020,Belgium,Member State,2360346,0,2360346
2020,Belgium,Member State,7600434,0,7600434
2020,Belgium,Member State,5428881,0,5428881
2020,Belgium,Member State,7600434,0,7600434
2020,Bulgaria,Member State,54288,0,54288
2020,Bulgaria,Member State,54288,0,54288
2020,Canada,Member State,2743088,0,2743088
2020,Canada,Member State,1445082,0,1445082
2020,Canada,Member State,4575743,0,4575743
2020,Canada,Member State,2891478,0,2891478
2020,Canada,Member State,746580,0,746580
2020,Canada,Member State,734873,0,734873
2020,Canada,Member State,1503930,0,1503930
2020,Canada,Member State,644281,0,644281
2020,Canada,Member State,712877,0,712877
2020,Canada,Member State,1731530,0,1731530
2020,Canada,Member State,2507031,0,2507031
2020,Canada,Member State,1444226,0,1444226
2020,Canada,Member State,5181458,0,5181458
2020,Canada,Member State,996524,0,996524
2020,Canada,Member State,1092663,0,1092663
2020,Canada,Member State,4979937,0,4979937
2020,Canada,Member State,2612313,0,2612313
2020,Cyprus,Member State,12500,0,12500
2020,Cyprus,Member State,12500,0,12500
2020,Cyprus,Member State,24400,0,24400
2020,Cyprus,Member State,12500,0,12500
2020,Cyprus,Member State,28441,0,28441
2020,Denmark,Member State,3282575,0,3282575
2020,Denmark,Member State,2280211,0,2280211
2020,Denmark,Member State,2172063,0,2172063
2020,Denmark,Member State,2979554,0,2979554
2020,Denmark,Member State,4462703,0,4462703
2020,Denmark,Member State,4560302,0,4560302
2020,Denmark,Member State,5699282,0,5699282
2020,Denmark,Member State,9085480,0,9085480
2020,Estonia,Member State,181390,0,181390
2020,Estonia,Member State,54585,0,54585
2020,European Commission,Member State,3301500,0,3301500
2020,European Commission,Member State,1118900,0,1118900
2020,Finland,Member State,1194743,0,1194743
2020,France,Member State,12937553,0,12937553
2020,Germany,Member State,5038556,0,5038556
2020,Germany,Member State,11340948,0,11340948
2020,Germany,Member State,13067141,0,13067141
2020,Germany,Member State,19506865,0,19506865
2020,Germany,Member State,9563067,0,9563067
2020,Germany,Member State,3377095,0,3377095
2020,Germany,Member State,6903252,0,6903252
2020,Germany,Member State,1671933,0,1671933
2020,Germany,Member State,12327465,0,12327465
2020,Germany,Member State,13822509,0,13822509
2020,Germany,Member State,3459464,0,3459464
2020,Germany,Member State,12619019,0,12619019
2020,Germany,Member State,16149151,0,16149151
2020,Germany,Member State,16442217,0,16442217
2020,Germany,Member State,2825219,0,2825219
2020,Germany,Member State,4499200,0,4499200
2020,Germany,Member State,26658767,0,26658767
2020,Germany,Member State,45053928,0,45053928
2020,Greece,Member State,35049,0,35049
2020,Iceland,Member State,235183,0,235183
2020,Iceland,Member State,349360,0,349360
2020,Iceland,Member State,169998,0,169998
2020,Iceland,Member State,202183,0,202183
2020,Ireland,Member State,531776,0,531776
2020,Ireland,Member State,3230376,0,3230376
2020,Ireland,Member State,3190776,0,3190776
2020,Ireland,Member State,4305841,0,4305841
2020,Ireland,Member State,1102535,0,1102535
2020,Ireland,Member State,2533611,0,2533611
2020,Ireland,Member State,1091703,0,1091703
2020,Ireland,Member State,444469,0,444469
2020,Ireland,Member State,3190776,0,3190776
2020,Ireland,Member State,3204276,0,3204276
2020,Ireland,Member State,2136176,0,2136176
2020,Ireland,Member State,597371,0,597371
2020,Ireland,Member State,6689248,0,6689248
2020,Ireland,Member State,2729257,0,2729257
2020,Italy,Member State,579344,0,579344
2020,Italy,Member State,611995,0,611995
2020,Italy,Member State,597371,0,597371
2020,Italy,Member State,896057,0,896057
2020,Italy,Member State,1173708,0,1173708
2020,Italy,Member State,597371,0,597371
2020,Italy,Member State,579344,0,579344
2020,Italy,Member State,1173708,0,1173708
2020,Italy,Member State,597371,0,597371
2020,Italy,Member State,2239641,0,2239641
2020,Jersey,Member State,373013,0,373013
2020,Jersey,Member State,258732,0,258732
2020,Jersey,Member State,323415,0,323415
2020,Kazakhstan,Member State,50000,0,50000
2020,Republic of Korea,Member State,2500000,0,2500000
2020,Republic of Korea,Member State,200000,0,200000
2020,Republic of Korea,Member State,500000,0,500000
2020,Republic of Korea,Member State,200000,0,200000
2020,Republic of Korea,Member State,300000,0,300000
2020,Republic of Korea,Member State,500000,0,500000
2020,Republic of Korea,Member State,300000,0,300000
2020,Republic of Korea,Member State,550000,0,550000
2020,Republic of Korea,Member State,300000,0,300000
2020,Republic of Korea,Member State,500000,0,500000
2020,Republic of Korea,Member State,1000000,0,1000000
2020,Republic of Korea,Member State,400000,0,400000
2020,Republic of Korea,Member State,800000,0,800000
2020,Republic of Korea,Member State,2000000,0,2000000
2020,Republic of Korea,Member State,1000000,0,1000000
2020,Lithuania,Member State,115710,0,115710
2020,Luxembourg,Member State,414332,0,414332
2020,Luxembourg,Member State,414332,0,414332
2020,Luxembourg,Member State,414332,0,414332
2020,Luxembourg,Member State,411764,0,411764
2020,Luxembourg,Member State,411764,0,411764
2020,Luxembourg,Member State,411764,0,411764
2020,Luxembourg,Member State,414332,0,414332
2020,Luxembourg,Member State,411764,0,411764
2020,Luxembourg,Member State,411764,0,411764
2020,Luxembourg,Member State,411764,0,411764
2020,Malaysia,Member State,100000,0,100000
2020,Malta,Member State,33594,0,33594
2020,Netherlands,Member State,4311804,0,4311804
2020,Netherlands,Member State,1847735,0,1847735
2020,Netherlands,Member State,10256650,0,10256650
2020,Netherlands,Member State,4912663,0,4912663
2020,Netherlands,Member State,4311804,0,4311804
2020,Netherlands,Member State,6050848,0,6050848
2020,Netherlands,Member State,11210195,0,11210195
2020,Netherlands,Member State,3711790,0,3711790
2020,Netherlands,Member State,15340581,0,15340581
2020,Netherlands,Member State,13138562,0,13138562
2020,New Zealand,Member State,1129100,0,1129100
2020,New Zealand,Member State,1120350,0,1120350
2020,New Zealand,Member State,1213200,0,1213200
2020,Norway,Member State,1613061,0,1613061
2020,Norway,Member State,1076724,0,1076724
2020,Norway,Member State,1046423,0,1046423
2020,Norway,Member State,2905134,0,2905134
2020,Norway,Member State,955257,0,955257
2020,Norway,Member State,2105047,0,2105047
2020,Norway,Member State,4718936,0,4718936
2020,Norway,Member State,6438316,0,6438316
2020,Norway,Member State,7499230,0,7499230
2020,Norway,Member State,791345,0,791345
2020,Norway,Member State,5221236,0,5221236
2020,Norway,Member State,7990917,0,7990917
2020,Philippines,Member State,10000,0,10000
2020,Qatar,Member State,1000000,0,1000000
2020,Qatar,Member State,1000000,0,1000000
2020,Qatar,Member State,200000,0,200000
2020,Qatar,Member State,2999985,0,2999985
2020,Slovakia,Member State,117647,0,117647
2020,Spain,Member State,358422,0,358422
2020,Spain,Member State,716845,0,716845
2020,Spain,Member State,1792114,0,1792114
2020,Spain,Member State,59737,0,59737
2020,Sweden,Member State,5905469,0,5905469
2020,Sweden,Member State,1527276,0,1527276
2020,Sweden,Member State,9942375,0,9942375
2020,Sweden,Member State,5010845,0,5010845
2020,Sweden,Member State,1066137,0,1066137
2020,Sweden,Member State,1599206,0,1599206
2020,Sweden,Member State,1599206,0,1599206
2020,Sweden,Member State,852909,0,852909
2020,Sweden,Member State,1992469,0,1992469
2020,Sweden,Member State,3271599,0,3271599
2020,Sweden,Member State,5600014,0,5600014
2020,Sweden,Member State,3563645,0,3563645
2020,Sweden,Member State,5040013,0,5040013
2020,Sweden,Member State,4264549,0,4264549
2020,Sweden,Member State,533068,0,533068
2020,Sweden,Member State,9001198,0,9001198
2020,Sweden,Member State,9665770,0,9665770
2020,Switzerland,Member State,2099900,0,2099900
2020,Switzerland,Member State,1911853,0,1911853
2020,Switzerland,Member State,1631882,0,1631882
2020,Switzerland,Member State,1062699,0,1062699
2020,Switzerland,Member State,1091115,0,1091115
2020,Switzerland,Member State,1635101,0,1635101
2020,Switzerland,Member State,2129685,0,2129685
2020,Switzerland,Member State,3155208,0,3155208
2020,Switzerland,Member State,2157063,0,2157063
2020,Switzerland,Member State,2052510,0,2052510
2020,Switzerland,Member State,1049315,0,1049315
2020,Switzerland,Member State,2125398,0,2125398
2020,Switzerland,Member State,489130,0,489130
2020,Switzerland,Member State,2585315,0,2585315
2020,Switzerland,Member State,3152122,0,3152122
2020,"UN, NGOs and other entities",Private,1000000,0,1000000
2020,United Kingdom,Member State,29010900,0,29010900
2020,United Kingdom,Member State,7426800,0,7426800
2020,United Kingdom,Member State,4025700,0,4025700
2020,United Kingdom,Member State,14128983,0,14128983
2020,United Kingdom,Member State,4675901,0,4675901
2020,United Kingdom,Member State,2472187,0,2472187
2020,United Kingdom,Member State,1930501,0,1930501
2020,United Kingdom,Member State,5703178,0,5703178
2020,United Kingdom,Member State,37386680,0,37386680
2020,United Kingdom,Member State,4644600,0,4644600
2020,United Kingdom,Member State,8962450,0,8962450
2020,United Kingdom,Member State,12670226,0,12670226
2020,United Kingdom,Member State,2403204,0,2403204
2020,United Kingdom,Member State,13037809,0,13037809
2020,United Kingdom,Member State,33638847,0,33638847
2020,United States of America,Member State,8000000,0,8000000
2020,United States of America,Member State,2000000,0,2000000
2020,Private donations (through UNF),Private Contributions through UNF,3090,0,3090
2020,Private donations (through UNF),Private Contributions through UNF,3332,0,3332
2020,Private donations (through UNF),Private Contributions through UNF,20813,0,20813
2020,Private donations (through UNF),Private Contributions through UNF,9156,0,9156
2020,Private donations (through UNF),Private Contributions through UNF,9647,0,9647
2020,Private donations (through UNF),Private Contributions through UNF,97,0,97
2020,Private donations (through UNF),Private Contributions through UNF,312,0,312
2020,Private donations (through UNF),Private Contributions through UNF,39452,0,39452
2020,Private donations (through UNF),Private Contributions through UNF,6898,0,6898
2020,Private donations (through UNF),Private Contributions through UNF,3460,0,3460
2020,Private donations (through UNF),Private Contributions through UNF,2913,0,2913
2020,Private donations (through UNF),Private Contributions through UNF,23134,0,23134
2020,Private donations (through UNF),Private Contributions through UNF,17899,0,17899
2020,Private donations (through UNF),Private Contributions through UNF,23973,0,23973
2020,Private donations (through UNF),Private Contributions through UNF,253,0,253
2020,Private donations (through UNF),Private Contributions through UNF,212387,0,212387
2020,Private donations (through UNF),Private Contributions through UNF,180,0,180
2020,Private Contributions,Private Contributions through UNF,500,0,500
2021,Australia,Member State,1572815,0,1572815
2021,Australia,Member State,3859750,0,3859750
2021,Azerbaijan,Member State,16666,0,16666
2021,Azerbaijan,Member State,16666,0,16666
2021,Azerbaijan,Member State,16666,0,16666
2021,Azerbaijan,Member State,46666,0,46666
2021,Azerbaijan,Member State,16666,0,16666
2021,Belgium,Member State,2262048,0,2262048
2021,Belgium,Member State,10348724,0,10348724
2021,Belgium,Member State,8374551,0,8374551
2021,Belgium,Member State,6097560,0,6097560
2021,Belgium,Member State,7209050,0,7209050
2021,Belgium,Member State,8536585,0,8536585
2021,Belgium,Member State,6097560,0,6097560
2021,Belgium,Member State,4878048,0,4878048
2021,Belgium,Member State,3537735,0,3537735
2021,Brunei Darussalam,Member State,50000,0,50000
2021,Canada,Member State,6488047,0,6488047
2021,Canada,Member State,2500031,0,2500031
2021,Canada,Member State,6434478,0,6434478
2021,Canada,Member State,7133800,0,7133800
2021,Canada,Member State,1195081,0,1195081
2021,Canada,Member State,796720,0,796720
2021,Canada,Member State,806727,0,806727
2021,Canada,Member State,3118137,0,3118137
2021,Canada,Member State,1195081,0,1195081
2021,Canada,Member State,5044012,0,5044012
2021,Canada,Member State,4059439,0,4059439
2021,Canada,Member State,3556244,0,3556244
2021,Canada,Member State,3186882,0,3186882
2021,Canada,Member State,1991801,0,1991801
2021,Canada,Member State,2876529,0,2876529
2021,Canada,Member State,8647444,0,8647444
2021,Canada,Member State,3186882,0,3186882
2021,Canada,Member State,120804,0,120804
2021,Canada,Member State,597453,0,597453
2021,Croatia,Member State,136085,0,136085
2021,Cyprus,Member State,57176,0,57176
2021,Cyprus,Member State,24479,0,24479
2021,Denmark,Member State,16099276,0,16099276
2021,Denmark,Member State,4606565,0,4606565
2021,Denmark,Member State,2449623,0,2449623
2021,Denmark,Member State,4082678,0,4082678
2021,Denmark,Member State,5717182,0,5717182
2021,Denmark,Member State,6389530,0,6389530
2021,Denmark,Member State,5356371,0,5356371
2021,Denmark,Member State,5592952,0,5592952
2021,Estonia,Member State,58760,0,58760
2021,Estonia,Member State,60975,0,60975
2021,European Commission,Member State,3386766,0,3386766
2021,European Commission,Member State,1162790,0,1162790
2021,France,Member State,13513513,0,13513513
2021,France,Member State,563063,0,563063
2021,France,Member State,1219512,0,1219512
2021,France,Member State,609756,0,609756
2021,France,Member State,304878,0,304878
2021,France,Member State,1219512,0,1219512
2021,France,Member State,12566766,0,12566766
2021,France,Member State,1219512,0,1219512
2021,Germany,Member State,93458567,0,93458567
2021,Germany,Member State,15133916,0,15133916
2021,Germany,Member State,23347749,0,23347749
2021,Germany,Member State,24735113,0,24735113
2021,Germany,Member State,9917118,0,9917118
2021,Germany,Member State,2344665,0,2344665
2021,Germany,Member State,8067709,0,8067709
2021,Germany,Member State,4031380,0,4031380
2021,Germany,Member State,13878219,0,13878219
2021,Germany,Member State,12651831,0,12651831
2021,Germany,Member State,24286456,0,24286456
2021,Germany,Member State,27883840,0,27883840
2021,Germany,Member State,19818479,0,19818479
2021,Germany,Member State,3516998,0,3516998
2021,Germany,Member State,5897975,0,5897975
2021,Germany,Member State,4161712,0,4161712
2021,Germany,Member State,29006116,0,29006116
2021,Germany,Member State,64405095,0,64405095
2021,Germany,Member State,1126126,0,1126126
2021,Germany,Member State,5966587,0,5966587
2021,Greece,Member State,36844,0,36844
2021,Greece,Member State,35799,0,35799
2021,Iceland,Member State,192604,0,192604
2021,Iceland,Member State,194295,0,194295
2021,Iceland,Member State,196263,0,196263
2021,Iceland,Member State,194295,0,194295
2021,Iceland,Member State,196263,0,196263
2021,Iceland,Member State,207314,0,207314
2021,Ireland,Member State,1738730,0,1738730
2021,Ireland,Member State,3638390,0,3638390
2021,Ireland,Member State,3003490,0,3003490
2021,Ireland,Member State,11399880,0,11399880
2021,Ireland,Member State,1193317,0,1193317
2021,Ireland,Member State,1789976,0,1789976
2021,Ireland,Member State,563063,0,563063
2021,Ireland,Member State,1210653,0,1210653
2021,Ireland,Member State,475808,0,475808
2021,Ireland,Member State,3638390,0,3638390
2021,Ireland,Member State,4164581,0,4164581
2021,Ireland,Member State,3028740,0,3028740
2021,Ireland,Member State,563063,0,563063
2021,Ireland,Member State,7223686,0,7223686
2021,Ireland,Member State,4056958,0,4056958
2021,Ireland,Member State,563063,0,563063
2021,Italy,Member State,12055451,0,12055451
2021,Italy,Member State,1175209,0,1175209
2021,Italy,Member State,582750,0,582750
2021,Italy,Member State,563063,0,563063
2021,Italy,Member State,582750,0,582750
2021,Italy,Member State,1407657,0,1407657
2021,Italy,Member State,2358490,0,2358490
2021,Italy,Member State,1789976,0,1789976
2021,Japan,Member State,400000,0,400000
2021,Japan,Member State,400000,0,400000
2021,Jersey,Member State,347805,0,347805
2021,Jersey,Member State,132978,0,132978
2021,Jersey,Member State,349162,0,349162
2021,Jersey,Member State,488826,0,488826
2021,Republic of Korea,Member State,300000,0,300000
2021,Republic of Korea,Member State,500000,0,500000
2021,Republic of Korea,Member State,1000000,0,1000000
2021,Republic of Korea,Member State,400000,0,400000
2021,Republic of Korea,Member State,800000,0,800000
2021,Republic of Korea,Member State,2500000,0,2500000
2021,Republic of Korea,Member State,1500000,0,1500000
2021,Republic of Korea,Member State,750000,0,750000
2021,Republic of Korea,Member State,750000,0,750000
2021,Lithuania,Member State,121951,0,121951
2021,Lithuania,Member State,117233,0,117233
2021,Luxembourg,Member State,426038,0,426038
2021,Luxembourg,Member State,365175,0,365175
2021,Luxembourg,Member State,426038,0,426038
2021,Luxembourg,Member State,365853,0,365853
2021,Luxembourg,Member State,426829,0,426829
2021,Luxembourg,Member State,695345,0,695345
2021,Luxembourg,Member State,365175,0,365175
2021,Luxembourg,Member State,1000223,0,1000223
2021,Luxembourg,Member State,426829,0,426829
2021,Luxembourg,Member State,426829,0,426829
2021,Luxembourg,Member State,426829,0,426829
2021,Malaysia,Member State,100000,0,100000
2021,Malta,Member State,59241,0,59241
2021,Mexico,Member State,50000,0,50000
2021,Montenegro,Member State,100000,0,100000
2021,Morocco,Member State,25000,0,25000
2021,Netherlands,Member State,23078900,0,23078900
2021,Netherlands,Member State,7247790,0,7247790
2021,Netherlands,Member State,7247790,0,7247790
2021,Netherlands,Member State,8455755,0,8455755
2021,Netherlands,Member State,9663720,0,9663720
2021,Netherlands,Member State,4689331,0,4689331
2021,Netherlands,Member State,14067995,0,14067995
2021,Netherlands,Member State,10550996,0,10550996
2021,Netherlands,Member State,5733944,0,5733944
2021,New Zealand,Member State,1217825,0,1217825
2021,New Zealand,Member State,1217825,0,1217825
2021,Norway,Member State,3512564,0,3512564
2021,Norway,Member State,1201821,0,1201821
2021,Norway,Member State,4015300,0,4015300
2021,Norway,Member State,1818792,0,1818792
2021,Norway,Member State,1212528,0,1212528
2021,Norway,Member State,1741437,0,1741437
2021,Norway,Member State,4002260,0,4002260
2021,Norway,Member State,5807320,0,5807320
2021,Norway,Member State,11256421,0,11256421
2021,Norway,Member State,727517,0,727517
2021,Norway,Member State,400134,0,400134
2021,Norway,Member State,4217950,0,4217950
2021,Norway,Member State,11794886,0,11794886
2021,Norway,Member State,1212528,0,1212528
2021,Norway,Member State,1212528,0,1212528
2021,Philippines,Member State,10000,0,10000
2021,PRIVATE SECTOR,Private,149975,0,149975
2021,Qatar,Member State,499995,0,499995
2021,Qatar,Member State,499995,0,499995
2021,Qatar,Member State,999995,0,999995
2021,Romania,Member State,28669,0,28669
2021,Spain,Member State,1126126,0,1126126
2021,Spain,Member State,1689189,0,1689189
2021,Spain,Member State,563063,0,563063
2021,Sweden,Member State,8639846,0,8639846
2021,Sweden,Member State,1379286,0,1379286
2021,Sweden,Member State,5747025,0,5747025
2021,Sweden,Member State,5402204,0,5402204
2021,Sweden,Member State,804583,0,804583
2021,Sweden,Member State,1724107,0,1724107
2021,Sweden,Member State,1609167,0,1609167
2021,Sweden,Member State,2528691,0,2528691
2021,Sweden,Member State,2298810,0,2298810
2021,Sweden,Member State,2873512,0,2873512
2021,Sweden,Member State,5652998,0,5652998
2021,Sweden,Member State,3793036,0,3793036
2021,Sweden,Member State,4597620,0,4597620
2021,Sweden,Member State,344821,0,344821
2021,Sweden,Member State,6321728,0,6321728
2021,Sweden,Member State,6892676,0,6892676
2021,Switzerland,Member State,4157795,0,4157795
2021,Switzerland,Member State,1411956,0,1411956
2021,Switzerland,Member State,2513186,0,2513186
2021,Switzerland,Member State,1102535,0,1102535
2021,Switzerland,Member State,1624618,0,1624618
2021,Switzerland,Member State,1088139,0,1088139
2021,Switzerland,Member State,3299622,0,3299622
2021,Switzerland,Member State,1052562,0,1052562
2021,Switzerland,Member State,2167738,0,2167738
2021,Switzerland,Member State,1079913,0,1079913
2021,Switzerland,Member State,548847,0,548847
2021,Switzerland,Member State,3273440,0,3273440
2021,Switzerland,Member State,5668231,0,5668231
2021,Switzerland,Member State,648648,0,648648
2021,Switzerland,Member State,994594,0,994594
2021,"UN, NGOs and other entities",Private,2000000,0,2000000
2021,United Kingdom,Member State,82416700,0,82416700
2021,United Kingdom,Member State,4774960,0,4774960
2021,United Kingdom,Member State,18268289,0,18268289
2021,United Kingdom,Member State,10556578,0,10556578
2021,United Kingdom,Member State,3424759,0,3424759
2021,United Kingdom,Member State,13638000,0,13638000
2021,United Kingdom,Member State,3436500,0,3436500
2021,United Kingdom,Member State,3377640,0,3377640
2021,United Kingdom,Member State,4797432,0,4797432
2021,United Kingdom,Member State,329380,0,329380
2021,United Kingdom,Member State,19845129,0,19845129
2021,United States of America,Member State,3000000,0,3000000
2021,United States of America,Member State,12000000,0,12000000
2021,United States of America,Member State,1000000,0,1000000
2021,United States of America,Member State,7610000,0,7610000
2021,United States of America,Member State,1000000,0,1000000
2021,United States of America,Member State,5801104,0,5801104
2021,Private donations (through UNF),Private Contributions through UNF,143760,0,143760
2021,Private donations (through UNF),Private Contributions through UNF,1431,0,1431
2021,Private donations (through UNF),Private Contributions through UNF,13991,0,13991
2021,Private donations (through UNF),Private Contributions through UNF,3775,0,3775
2021,Private donations (through UNF),Private Contributions through UNF,3188,0,3188
2021,Private donations (through UNF),Private Contributions through UNF,149,0,149
2021,Private donations (through UNF),Private Contributions through UNF,32697,0,32697
2021,Private donations (through UNF),Private Contributions through UNF,6654,0,6654
2021,Private donations (through UNF),Private Contributions through UNF,4372,0,4372
2021,Private donations (through UNF),Private Contributions through UNF,9262,0,9262
2021,Private donations (through UNF),Private Contributions through UNF,24,0,24
2021,Private donations (through UNF),Private Contributions through UNF,11340,0,11340
2021,Private donations (through UNF),Private Contributions through UNF,5222,0,5222
2021,Private donations (through UNF),Private Contributions through UNF,8882,0,8882
2021,Private donations (through UNF),Private Contributions through UNF,10885,0,10885
2021,Private donations (through UNF),Private Contributions through UNF,2080,0,2080
2021,Private donations (through UNF),Private Contributions through UNF,153652,0,153652
2021,Private donations (through UNF),Private Contributions through UNF,2593,0,2593
2021,Private Contributions,Private Contributions through UNF,502,0,502
2021,Private Contributions,Private Contributions through UNF,149975,0,149975
2022,Australia,Member State,13899486,0,13899486
2022,Australia,Member State,3865829,0,3865829
2022,Australia,Member State,11057065,0,11057065
2022,Azerbaijan,Member State,30000,0,30000
2022,Bangladesh,Member State,116009,0,116009
2022,Belgium,Member State,3147957,0,3147957
2022,Belgium,Member State,9402598,0,9402598
2022,Belgium,Member State,4494382,0,4494382
2022,Belgium,Member State,5617977,0,5617977
2022,Belgium,Member State,4494382,0,4494382
2022,Belgium,Member State,7865168,0,7865168
2022,Belgium,Member State,8763388,0,8763388
2022,Belgium,Member State,5617977,0,5617977
2022,Belgium,Member State,4494382,0,4494382
2022,Belgium,Member State,3370786,0,3370786
2022,Bulgaria,Member State,85197,0,85197
2022,Canada,Member State,2232215,0,2232215
2022,Canada,Member State,4384816,0,4384816
2022,Canada,Member State,7971029,0,7971029
2022,Canada,Member State,997477,0,997477
2022,Canada,Member State,1316670,0,1316670
2022,Canada,Member State,1994955,0,1994955
2022,Canada,Member State,2789639,0,2789639
2022,Canada,Member State,4898599,0,4898599
2022,Canada,Member State,4776944,0,4776944
2022,Canada,Member State,2868398,0,2868398
2022,Canada,Member State,3191928,0,3191928
2022,Canada,Member State,41972162,0,41972162
2022,Canada,Member State,1196973,0,1196973
2022,Canada,Member State,7497184,0,7497184
2022,Canada,Member State,3191928,0,3191928
2022,Canada,Member State,796332,0,796332
2022,Canada,Member State,797982,0,797982
2022,Croatia,Member State,100000,0,100000
2022,Cyprus,Member State,30762,0,30762
2022,Cyprus,Member State,110515,0,110515
2022,Cyprus,Member State,27901,0,27901
2022,Denmark,Member State,2482830,0,2482830
2022,Denmark,Member State,6992086,0,6992086
2022,Denmark,Member State,4213310,0,4213310
2022,Denmark,Member State,8570997,0,8570997
2022,Denmark,Member State,4915425,0,4915425
2022,Denmark,Member State,9551080,0,9551080
2022,Denmark,Member State,5336695,0,5336695
2022,Denmark,Member State,5476911,0,5476911
2022,Estonia,Member State,194506,0,194506
2022,European Commission,Member State,2983374,0,2983374
2022,European Commission,Member State,2008864,0,2008864
2022,Finland,Member State,8024072,0,8024072
2022,France,Member State,1050420,0,1050420
2022,France,Member State,1050420,0,1050420
2022,France,Member State,18103403,0,18103403
2022,France,Member State,1050420,0,1050420
2022,France,Member State,11312601,0,11312601
2022,France,Member State,525210,0,525210
2022,France,Member State,525210,0,525210
2022,Germany,Member State,113526680,0,113526680
2022,Germany,Member State,11325652,0,11325652
2022,Germany,Member State,17426721,0,17426721
2022,Germany,Member State,20701278,0,20701278
2022,Germany,Member State,4844961,0,4844961
2022,Germany,Member State,12327707,0,12327707
2022,Germany,Member State,12420453,0,12420453
2022,Germany,Member State,16760347,0,16760347
2022,Germany,Member State,17026163,0,17026163
2022,Germany,Member State,14277508,0,14277508
2022,Germany,Member State,15392982,0,15392982
2022,Germany,Member State,62100525,0,62100525
2022,Germany,Member State,3076247,0,3076247
2022,Germany,Member State,33717873,0,33717873
2022,Germany,Member State,43857199,0,43857199
2022,Germany,Member State,4200448,0,4200448
2022,Germany,Member State,11682029,0,11682029
2022,Greece,Member State,31023,0,31023
2022,Guyana,Member State,25000,0,25000
2022,Guyana,Member State,50000,0,50000
2022,Iceland,Member State,308190,0,308190
2022,Iceland,Member State,194507,0,194507
2022,Iceland,Member State,192618,0,192618
2022,Iceland,Member State,194643,0,194643
2022,Iceland,Member State,531063,0,531063
2022,Iceland,Member State,194386,0,194386
2022,Iceland,Member State,176516,0,176516
2022,Ireland,Member State,2642991,0,2642991
2022,Ireland,Member State,2624250,0,2624250
2022,Ireland,Member State,2537500,0,2537500
2022,Ireland,Member State,7388542,0,7388542
2022,Ireland,Member State,1095290,0,1095290
2022,Ireland,Member State,3178030,0,3178030
2022,Ireland,Member State,533049,0,533049
2022,Ireland,Member State,1002004,0,1002004
2022,Ireland,Member State,623767,0,623767
2022,Ireland,Member State,6453881,0,6453881
2022,Ireland,Member State,8561081,0,8561081
2022,Ireland,Member State,5905131,0,5905131
2022,Ireland,Member State,3285870,0,3285870
2022,Ireland,Member State,533049,0,533049
2022,Ireland,Member State,6646455,0,6646455
2022,Ireland,Member State,2738225,0,2738225
2022,Ireland,Member State,1066098,0,1066098
2022,Italy,Member State,2072538,0,2072538
2022,Italy,Member State,1543209,0,1543209
2022,Italy,Member State,2057613,0,2057613
2022,Italy,Member State,1113488,0,1113488
2022,Italy,Member State,3086419,0,3086419
2022,Italy,Member State,6571741,0,6571741
2022,Italy,Member State,2057613,0,2057613
2022,Japan,Member State,280596,0,280596
2022,Japan,Member State,200673,0,200673
2022,Japan,Member State,4500000,0,4500000
2022,Jersey,Member State,198641,0,198641
2022,Jersey,Member State,121212,0,121212
2022,Jersey,Member State,198641,0,198641
2022,Jersey,Member State,196335,0,196335
2022,Jersey,Member State,160642,0,160642
2022,Jersey,Member State,134048,0,134048
2022,Republic of Korea,Member State,1504559,0,1504559
2022,Republic of Korea,Member State,200000,0,200000
2022,Republic of Korea,Member State,200000,0,200000
2022,Republic of Korea,Member State,1000000,0,1000000
2022,Republic of Korea,Member State,2650000,0,2650000
2022,Republic of Korea,Member State,2000000,0,2000000
2022,Republic of Korea,Member State,191939,0,191939
2022,Kuwait,Member State,1000000,0,1000000
2022,Lithuania,Member State,337078,0,337078
2022,Lithuania,Member State,32258,0,32258
2022,Luxembourg,Member State,368373,0,368373
2022,Luxembourg,Member State,315748,0,315748
2022,Luxembourg,Member State,368373,0,368373
2022,Luxembourg,Member State,799573,0,799573
2022,Luxembourg,Member State,326086,0,326086
2022,Luxembourg,Member State,380434,0,380434
2022,Luxembourg,Member State,908268,0,908268
2022,Luxembourg,Member State,315748,0,315748
2022,Luxembourg,Member State,380434,0,380434
2022,Luxembourg,Member State,913483,0,913483
2022,Luxembourg,Member State,380434,0,380434
2022,Luxembourg,Member State,380434,0,380434
2022,Malaysia,Member State,300000,0,300000
2022,Malaysia,Member State,100000,0,100000
2022,Morocco,Member State,1000000,0,1000000
2022,Netherlands,Member State,21628900,0,21628900
2022,Netherlands,Member State,7570115,0,7570115
2022,Netherlands,Member State,7570115,0,7570115
2022,Netherlands,Member State,9733005,0,9733005
2022,Netherlands,Member State,9733005,0,9733005
2022,Netherlands,Member State,5580357,0,5580357
2022,Netherlands,Member State,22321428,0,22321428
2022,Netherlands,Member State,14508928,0,14508928
2022,Netherlands,Member State,10044642,0,10044642
2022,Netherlands,Member State,6696428,0,6696428
2022,New Zealand,Member State,1088150,0,1088150
2022,New Zealand,Member State,1709950,0,1709950
2022,New Zealand,Member State,1363400,0,1363400
2022,Norway,Member State,734246,0,734246
2022,Norway,Member State,508022,0,508022
2022,Norway,Member State,5638438,0,5638438
2022,Norway,Member State,1231019,0,1231019
2022,Norway,Member State,1025849,0,1025849
2022,Norway,Member State,2046020,0,2046020
2022,Norway,Member State,7790357,0,7790357
2022,Norway,Member State,4084451,0,4084451
2022,Norway,Member State,7813104,0,7813104
2022,Norway,Member State,13427160,0,13427160
2022,Norway,Member State,1085466,0,1085466
2022,Norway,Member State,4645750,0,4645750
2022,Norway,Member State,8557359,0,8557359
2022,Norway,Member State,512924,0,512924
2022,Norway,Member State,512924,0,512924
2022,Philippines,Member State,200000,0,200000
2022,Philippines,Member State,100000,0,100000
2022,Philippines,Member State,100000,0,100000
2022,PRIVATE SECTOR,Private,250,0,250
2022,Slovenia,Member State,219058,0,219058
2022,Spain,Member State,798722,0,798722
2022,Spain,Member State,1597444,0,1597444
2022,Spain,Member State,5376344,0,5376344
2022,Spain,Member State,1064962,0,1064962
2022,Sweden,Member State,9233633,0,9233633
2022,Sweden,Member State,4158412,0,4158412
2022,Sweden,Member State,6172551,0,6172551
2022,Sweden,Member State,1748889,0,1748889
2022,Sweden,Member State,1646013,0,1646013
2022,Sweden,Member State,2263269,0,2263269
2022,Sweden,Member State,2263269,0,2263269
2022,Sweden,Member State,6888402,0,6888402
2022,Sweden,Member State,4158412,0,4158412
2022,Sweden,Member State,3600655,0,3600655
2022,Sweden,Member State,7117244,0,7117244
2022,Sweden,Member State,7715689,0,7715689
2022,Sweden,Member State,6059359,0,6059359
2022,Switzerland,Member State,3222122,0,3222122
2022,Switzerland,Member State,1892770,0,1892770
2022,Switzerland,Member State,1547602,0,1547602
2022,Switzerland,Member State,1447236,0,1447236
2022,Switzerland,Member State,1574551,0,1574551
2022,Switzerland,Member State,1006036,0,1006036
2022,Switzerland,Member State,2604333,0,2604333
2022,Switzerland,Member State,832529,0,832529
2022,Switzerland,Member State,1111040,0,1111040
2022,Switzerland,Member State,1622721,0,1622721
2022,Switzerland,Member State,1545682,0,1545682
2022,Switzerland,Member State,26920656,0,26920656
2022,Switzerland,Member State,1044143,0,1044143
2022,Switzerland,Member State,3862212,0,3862212
2022,Switzerland,Member State,4195840,0,4195840
2022,Switzerland,Member State,263157,0,263157
2022,United Kingdom,Member State,101658000,0,101658000
2022,United Kingdom,Member State,4936540,0,4936540
2022,United Kingdom,Member State,9451977,0,9451977
2022,United Kingdom,Member State,361445,0,361445
2022,United Kingdom,Member State,2392874,0,2392874
2022,United Kingdom,Member State,1648351,0,1648351
2022,United Kingdom,Member State,2937120,0,2937120
2022,United Kingdom,Member State,4446300,0,4446300
2022,United Kingdom,Member State,3017342,0,3017342
2022,United Kingdom,Member State,3602394,0,3602394
2022,United Kingdom,Member State,41856660,0,41856660
2022,United Kingdom,Member State,12711850,0,12711850
2022,United States of America,Member State,6000000,0,6000000
2022,United States of America,Member State,8000000,0,8000000
2022,United States of America,Member State,20000000,0,20000000
2022,United States of America,Member State,2000000,0,2000000
2022,United States of America,Member State,5000000,0,5000000
2022,United States of America,Member State,3000000,0,3000000
2022,Private donations (through UNF),Private Contributions through UNF,174365,0,174365
2022,Private donations (through UNF),Private Contributions through UNF,9017,0,9017
2022,Private donations (through UNF),Private Contributions through UNF,2337,0,2337
2022,Private donations (through UNF),Private Contributions through UNF,747,0,747
2022,Private donations (through UNF),Private Contributions through UNF,5420,0,5420
2022,Private donations (through UNF),Private Contributions through UNF,5263,0,5263
2022,Private donations (through UNF),Private Contributions through UNF,528,0,528
2022,Private donations (through UNF),Private Contributions through UNF,7393,0,7393
2022,Private donations (through UNF),Private Contributions through UNF,7187,0,7187
2022,Private donations (through UNF),Private Contributions through UNF,9067116,0,9067116
2022,Private donations (through UNF),Private Contributions through UNF,49411,0,49411
2022,Private donations (through UNF),Private Contributions through UNF,652,0,652
2022,Private donations (through UNF),Private Contributions through UNF,812,0,812
2022,Private donations (through UNF),Private Contributions through UNF,23,0,23
2022,Private Contributions,Private Contributions through UNF,314619,0,314619
2023,Australia,Member State,5747768,0,5747768
2023,Australia,Member State,7485924,0,7485924
2023,Australia,Member State,2033486,0,2033486
2023,Australia,Member State,6754959,0,6754959
2023,Austria,Member State,1072961,0,1072961
2023,Azerbaijan,Member State,29978,0,29978
2023,Belgium,Member State,10248111,0,10248111
2023,Belgium,Member State,4314994,0,4314994
2023,Belgium,Member State,2157497,0,2157497
2023,Belgium,Member State,6472491,0,6472491
2023,Belgium,Member State,8618475,0,8618475
2023,Belgium,Member State,7470651,0,7470651
2023,Belgium,Member State,5393743,0,5393743
2023,Belgium,Member State,4318814,0,4318814
2023,Belgium,Member State,3236245,0,3236245
2023,Brunei Darussalam,Member State,19007,0,19007
2023,Brunei Darussalam,Member State,19007,0,19007
2023,Bulgaria,Member State,52742,0,52742
2023,Canada,Member State,1480497,0,1480497
2023,Canada,Member State,2979172,0,2979172
2023,Canada,Member State,10953832,0,10953832
2023,Canada,Member State,1858542,0,1858542
2023,Canada,Member State,4163135,0,4163135
2023,Canada,Member State,1858542,0,1858542
2023,Canada,Member State,6653150,0,6653150
2023,Canada,Member State,6703137,0,6703137
2023,Canada,Member State,3333391,0,3333391
2023,Canada,Member State,1490435,0,1490435
2023,Canada,Member State,2261316,0,2261316
2023,Canada,Member State,1486834,0,1486834
2023,Canada,Member State,3717085,0,3717085
2023,Canada,Member State,2609162,0,2609162
2023,Canada,Member State,1115125,0,1115125
2023,Canada,Member State,743417,0,743417
2023,Canada,Member State,1486834,0,1486834
2023,Cyprus,Member State,105088,0,105088
2023,Cyprus,Member State,160599,0,160599
2023,Cyprus,Member State,53533,0,53533
2023,Denmark,Member State,2190592,0,2190592
2023,Denmark,Member State,4747533,0,4747533
2023,Denmark,Member State,2927090,0,2927090
2023,Denmark,Member State,4381209,0,4381209
2023,Denmark,Member State,6033383,0,6033383
2023,Denmark,Member State,3647748,0,3647748
2023,Denmark,Member State,3764723,0,3764723
2023,Denmark,Member State,5690403,0,5690403
2023,Denmark,Member State,6218485,0,6218485
2023,Egypt,Member State,15000,0,15000
2023,Estonia,Member State,21574,0,21574
2023,Estonia,Member State,21574,0,21574
2023,Estonia,Member State,107874,0,107874
2023,European Commission,Member State,6479133,0,6479133
2023,European Commission,Member State,3240492,0,3240492
2023,European Commission,Member State,2181025,0,2181025
2023,European Commission,Member State,2202643,0,2202643
2023,Finland,Member State,2195389,0,2195389
2023,Finland,Member State,8724719,0,8724719
2023,Finland,Member State,6586169,0,6586169
2023,France,Member State,545256,0,545256
2023,France,Member State,1090512,0,1090512
2023,France,Member State,2181025,0,2181025
2023,France,Member State,272628,0,272628
2023,France,Member State,6543075,0,6543075
2023,France,Member State,1090512,0,1090512
2023,France,Member State,11839685,0,11839685
2023,France,Member State,654307,0,654307
2023,France,Member State,654307,0,654307
2023,Germany,Member State,10680933,0,10680933
2023,Germany,Member State,7548362,0,7548362
2023,Germany,Member State,5066009,0,5066009
2023,Germany,Member State,14663578,0,14663578
2023,Germany,Member State,5336179,0,5336179
2023,Germany,Member State,7063277,0,7063277
2023,Germany,Member State,3262391,0,3262391
2023,Germany,Member State,26104168,0,26104168
2023,Germany,Member State,11257811,0,11257811
2023,Germany,Member State,9163393,0,9163393
2023,Germany,Member State,9720596,0,9720596
2023,Germany,Member State,5359056,0,5359056
2023,Germany,Member State,19201868,0,19201868
2023,Germany,Member State,2425371,0,2425371
2023,Germany,Member State,5393743,0,5393743
2023,Germany,Member State,26918683,0,26918683
2023,Germany,Member State,2440922,0,2440922
2023,Germany,Member State,3508157,0,3508157
2023,Germany,Member State,3791433,0,3791433
2023,Greece,Member State,106269,0,106269
2023,Iceland,Member State,571268,0,571268
2023,Iceland,Member State,293341,0,293341
2023,Iceland,Member State,221222,0,221222
2023,Iceland,Member State,641967,0,641967
2023,Iceland,Member State,737626,0,737626
2023,Iceland,Member State,183136,0,183136
2023,Iceland,Member State,220005,0,220005
2023,Ireland,Member State,2161732,0,2161732
2023,Ireland,Member State,3274791,0,3274791
2023,Ireland,Member State,3025302,0,3025302
2023,Ireland,Member State,5403366,0,5403366
2023,Ireland,Member State,2750275,0,2750275
2023,Ireland,Member State,529661,0,529661
2023,Ireland,Member State,1090512,0,1090512
2023,Ireland,Member State,5092918,0,5092918
2023,Ireland,Member State,4383438,0,4383438
2023,Ireland,Member State,3270591,0,3270591
2023,Ireland,Member State,2998041,0,2998041
2023,Ireland,Member State,2188183,0,2188183
2023,Ireland,Member State,537056,0,537056
2023,Ireland,Member State,6600660,0,6600660
2023,Ireland,Member State,4158712,0,4158712
2023,Ireland,Member State,1090512,0,1090512
2023,Italy,Member State,5346543,0,5346543
2023,Italy,Member State,534523,0,534523
2023,Italy,Member State,5393743,0,5393743
2023,Italy,Member State,6017505,0,6017505
2023,Italy,Member State,6017505,0,6017505
2023,Japan,Member State,89365,0,89365
2023,Japan,Member State,335240,0,335240
2023,Japan,Member State,335245,0,335245
2023,Japan,Member State,462962,0,462962
2023,Japan,Member State,335240,0,335240
2023,Japan,Member State,335245,0,335245
2023,Jersey,Member State,138913,0,138913
2023,Jersey,Member State,182038,0,182038
2023,Jersey,Member State,177419,0,177419
2023,Jersey,Member State,90252,0,90252
2023,Jersey,Member State,197957,0,197957
2023,Republic of Korea,Member State,1000000,0,1000000
2023,Republic of Korea,Member State,300000,0,300000
2023,Republic of Korea,Member State,500000,0,500000
2023,Republic of Korea,Member State,500000,0,500000
2023,Republic of Korea,Member State,770000,0,770000
2023,Republic of Korea,Member State,1000000,0,1000000
2023,Republic of Korea,Member State,500000,0,500000
2023,Republic of Korea,Member State,500000,0,500000
2023,Republic of Korea,Member State,2000000,0,2000000
2023,Republic of Korea,Member State,1000000,0,1000000
2023,Republic of Korea,Member State,400000,0,400000
2023,Kuwait,Member State,1000000,0,1000000
2023,Latvia,Member State,75026,0,75026
2023,Lithuania,Member State,164293,0,164293
2023,Lithuania,Member State,53533,0,53533
2023,Luxembourg,Member State,383996,0,383996
2023,Luxembourg,Member State,329140,0,329140
2023,Luxembourg,Member State,917613,0,917613
2023,Luxembourg,Member State,327510,0,327510
2023,Luxembourg,Member State,382096,0,382096
2023,Luxembourg,Member State,109170,0,109170
2023,Luxembourg,Member State,212089,0,212089
2023,Luxembourg,Member State,1133339,0,1133339
2023,Luxembourg,Member State,329140,0,329140
2023,Luxembourg,Member State,382096,0,382096
2023,Luxembourg,Member State,382096,0,382096
2023,Luxembourg,Member State,382096,0,382096
2023,Luxembourg,Member State,545851,0,545851
2023,Luxembourg,Member State,382096,0,382096
2023,Luxembourg,Member State,320170,0,320170
2023,Malaysia,Member State,100000,0,100000
2023,Mexico,Member State,6000000,0,6000000
2023,Netherlands,Member State,26865000,0,26865000
2023,Netherlands,Member State,13010674,0,13010674
2023,Netherlands,Member State,13969800,0,13969800
2023,Netherlands,Member State,13010674,0,13010674
2023,Netherlands,Member State,21676758,0,21676758
2023,Netherlands,Member State,21676758,0,21676758
2023,Netherlands,Member State,8591222,0,8591222
2023,Netherlands,Member State,21492000,0,21492000
2023,Netherlands,Member State,25762513,0,25762513
2023,Netherlands,Member State,15030456,0,15030456
2023,Netherlands,Member State,8596800,0,8596800
2023,New Zealand,Member State,1073800,0,1073800
2023,New Zealand,Member State,1816800,0,1816800
2023,New Zealand,Member State,1204800,0,1204800
2023,Norway,Member State,1814432,0,1814432
2023,Norway,Member State,907216,0,907216
2023,Norway,Member State,4536080,0,4536080
2023,Norway,Member State,526185,0,526185
2023,Norway,Member State,3198361,0,3198361
2023,Norway,Member State,3175256,0,3175256
2023,Norway,Member State,4191273,0,4191273
2023,Norway,Member State,2894779,0,2894779
2023,Norway,Member State,5443296,0,5443296
2023,Norway,Member State,4549105,0,4549105
2023,Norway,Member State,7378717,0,7378717
2023,Norway,Member State,19463974,0,19463974
2023,Norway,Member State,1270102,0,1270102
2023,Norway,Member State,3175256,0,3175256
2023,Norway,Member State,10221354,0,10221354
2023,Norway,Member State,1275312,0,1275312
2023,Norway,Member State,1005753,0,1005753
2023,Norway,Member State,2090504,0,2090504
2023,Philippines,Member State,10000,0,10000
2023,Philippines,Member State,100000,0,100000
2023,Poland,Member State,1007908,0,1007908
2023,Portugal,Member State,215749,0,215749
2023,Portugal,Member State,53937,0,53937
2023,Portugal,Member State,5393743,0,5393743
2023,Portugal,Member State,53937,0,53937
2023,Portugal,Member State,107874,0,107874
2023,PRIVATE SECTOR,Private,2354534,0,2354534
2023,PRIVATE SECTOR,Private,10000,0,10000
2023,Singapore,Member State,100000,0,100000
2023,Slovakia,Member State,108938,0,108938
2023,Slovenia,Member State,211864,0,211864
2023,Spain,Member State,1062699,0,1062699
2023,Spain,Member State,903294,0,903294
2023,Spain,Member State,1859723,0,1859723
2023,Spain,Member State,1275239,0,1275239
2023,Spain,Member State,2042716,0,2042716
2023,Spain,Member State,554938,0,554938
2023,Sweden,Member State,7668561,0,7668561
2023,Sweden,Member State,2392635,0,2392635
2023,Sweden,Member State,3834280,0,3834280
2023,Sweden,Member State,7649022,0,7649022
2023,Sweden,Member State,2294706,0,2294706
2023,Sweden,Member State,4172268,0,4172268
2023,Sweden,Member State,2390319,0,2390319
2023,Sweden,Member State,3535652,0,3535652
2023,Sweden,Member State,6595565,0,6595565
2023,Sweden,Member State,2875710,0,2875710
2023,Sweden,Member State,4792850,0,4792850
2023,Sweden,Member State,3346447,0,3346447
2023,Sweden,Member State,2868383,0,2868383
2023,Sweden,Member State,1434191,0,1434191
2023,Sweden,Member State,4780639,0,4780639
2023,Sweden,Member State,5734746,0,5734746
2023,Switzerland,Member State,6166505,0,6166505
2023,Switzerland,Member State,1230226,0,1230226
2023,Switzerland,Member State,2622000,0,2622000
2023,Switzerland,Member State,5033595,0,5033595
2023,Switzerland,Member State,2765027,0,2765027
2023,Switzerland,Member State,1102535,0,1102535
2023,Switzerland,Member State,26296285,0,26296285
2023,Switzerland,Member State,7154393,0,7154393
2023,Switzerland,Member State,2618634,0,2618634
2023,Switzerland,Member State,1114898,0,1114898
2023,Switzerland,Member State,3293351,0,3293351
2023,Switzerland,Member State,6585223,0,6585223
2023,Switzerland,Member State,654307,0,654307
2023,Switzerland,Member State,5027932,0,5027932
2023,Switzerland,Member State,3329735,0,3329735
2023,Türkiye,Member State,50000,0,50000
2023,Türkiye,Member State,50000,0,50000
2023,United Arab Emirates,Member State,15000000,0,15000000
2023,United Kingdom,Member State,3832087,0,3832087
2023,United Kingdom,Member State,3671970,0,3671970
2023,United Kingdom,Member State,4752851,0,4752851
2023,United Kingdom,Member State,642673,0,642673
2023,United Kingdom,Member State,3091985,0,3091985
2023,United Kingdom,Member State,9620678,0,9620678
2023,United Kingdom,Member State,21872448,0,21872448
2023,United Kingdom,Member State,9457875,0,9457875
2023,United Kingdom,Member State,8001721,0,8001721
2023,United Kingdom,Member State,11240930,0,11240930
2023,United Kingdom,Member State,41540512,0,41540512
2023,United Kingdom,Member State,7209799,0,7209799
2023,United States of America,Member State,2000000,0,2000000
2023,United States of America,Member State,23000000,0,23000000
2023,United States of America,Member State,2000000,0,2000000
2023,United States of America,Member State,25000000,0,25000000
2023,United States of America,Member State,2000000,0,2000000
2023,United States of America,Member State,5000000,0,5000000
2023,United States of America,Member State,30000000,0,30000000
2023,Private Contributions,Private Contributions through UNF,100,0,100
2023,Private Contributions,Private Contributions through UNF,31418,0,31418
2024,Australia,Member State,4003680,0,4003680
2024,Australia,Member State,1994409,0,1994409
2024,Australia,Member State,9585566,0,9585566
2024,Australia,Member State,11276859,0,11276859
2024,Australia,Member State,2326401,0,2326401
2024,Australia,Member State,6648032,0,6648032
2024,Bangladesh,Member State,10000,0,10000
2024,Basque Agency for Development Cooperation,Regional/ Local Authorities,187783,0,187783
2024,Belgium,Member State,9219088,0,9219088
2024,Belgium,Member State,4338394,0,4338394
2024,Belgium,Member State,2169197,0,2169197
2024,Belgium,Member State,4338394,0,4338394
2024,Belgium,Member State,7592190,0,7592190
2024,Belgium,Member State,7583965,0,7583965
2024,Belgium,Member State,5422993,0,5422993
2024,Belgium,Member State,3253796,0,3253796
2024,Brunei Darussalam,Member State,76970,0,76970
2024,Bulgaria,Member State,31645,0,31645
2024,Bulgaria,Member State,42194,0,42194
2024,Canada,Member State,2195816,0,2195816
2024,Canada,Member State,726626,0,726626
2024,Canada,Member State,2906507,0,2906507
2024,Canada,Member State,5087924,0,5087924
2024,Canada,Member State,726846,0,726846
2024,Canada,Member State,1817115,0,1817115
2024,Canada,Member State,1453692,0,1453692
2024,Canada,Member State,4007070,0,4007070
2024,Canada,Member State,3633133,0,3633133
2024,Canada,Member State,2543193,0,2543193
2024,Canada,Member State,1453692,0,1453692
2024,Canada,Member State,2948034,0,2948034
2024,Canada,Member State,1453692,0,1453692
2024,Canada,Member State,3634231,0,3634231
2024,Canada,Member State,2180538,0,2180538
2024,Canada,Member State,726846,0,726846
2024,Canada,Member State,726846,0,726846
2024,Canada,Member State,726846,0,726846
2024,Canada,Member State,365969,0,365969
2024,Catalan Agency for Development Cooperation,Regional/ Local Authorities,524658,0,524658
2024,Catalan Agency for Development Cooperation,Regional/ Local Authorities,217864,0,217864
2024,Catalan Agency for Development Cooperation,Regional/ Local Authorities,309548,0,309548
2024,Denmark,Member State,5591291,0,5591291
2024,Denmark,Member State,4257684,0,4257684
2024,Denmark,Member State,5976193,0,5976193
2024,Denmark,Member State,7878244,0,7878244
2024,Denmark,Member State,10122442,0,10122442
2024,Denmark,Member State,5500916,0,5500916
2024,Denmark,Member State,3619630,0,3619630
2024,Denmark,Member State,6018318,0,6018318
2024,Denmark,Member State,5393383,0,5393383
2024,Denmark,Member State,5776325,0,5776325
2024,Estonia,Member State,42780,0,42780
2024,Estonia,Member State,104931,0,104931
2024,Estonia,Member State,32822,0,32822
2024,European Commission,Member State,1274509,0,1274509
2024,European Commission,Member State,4324324,0,4324324
2024,European Commission,Member State,1079913,0,1079913
2024,European Commission,Member State,1079913,0,1079913
2024,European Commission,Member State,539956,0,539956
2024,European Commission,Member State,535905,0,535905
2024,Finland,Member State,5293875,0,5293875
2024,Finland,Member State,5359056,0,5359056
2024,Finland,Member State,1072961,0,1072961
2024,France,Member State,1071811,0,1071811
2024,France,Member State,1083423,0,1083423
2024,France,Member State,2143622,0,2143622
2024,France,Member State,1071811,0,1071811
2024,France,Member State,3215434,0,3215434
2024,Germany,Member State,11185682,0,11185682
2024,Germany,Member State,4560602,0,4560602
2024,Germany,Member State,11029821,0,11029821
2024,Germany,Member State,15960972,0,15960972
2024,Germany,Member State,32763462,0,32763462
2024,Germany,Member State,6564551,0,6564551
2024,Germany,Member State,5632096,0,5632096
2024,Germany,Member State,5470459,0,5470459
2024,Germany,Member State,26189197,0,26189197
2024,Germany,Member State,9096598,0,9096598
2024,Germany,Member State,10495163,0,10495163
2024,Germany,Member State,67857954,0,67857954
2024,Germany,Member State,1094091,0,1094091
2024,Germany,Member State,12234999,0,12234999
2024,Germany,Member State,1474187,0,1474187
2024,Germany,Member State,3273754,0,3273754
2024,Germany,Member State,5837865,0,5837865
2024,Germany,Member State,1411378,0,1411378
2024,Germany,Member State,4047839,0,4047839
2024,Greece,Member State,1060451,0,1060451
2024,Greece,Member State,104931,0,104931
2024,Iceland,Member State,287631,0,287631
2024,Iceland,Member State,863298,0,863298
2024,Iceland,Member State,505366,0,505366
2024,Iceland,Member State,221712,0,221712
2024,Iceland,Member State,431447,0,431447
2024,Iceland,Member State,714816,0,714816
2024,Iceland,Member State,283240,0,283240
2024,Iceland,Member State,212430,0,212430
2024,Ireland,Member State,3218884,0,3218884
2024,Ireland,Member State,3246753,0,3246753
2024,Ireland,Member State,4329004,0,4329004
2024,Ireland,Member State,3651136,0,3651136
2024,Ireland,Member State,5886963,0,5886963
2024,Ireland,Member State,1072961,0,1072961
2024,Ireland,Member State,1072961,0,1072961
2024,Ireland,Member State,957330,0,957330
2024,Ireland,Member State,5411255,0,5411255
2024,Ireland,Member State,3787878,0,3787878
2024,Ireland,Member State,4329004,0,4329004
2024,Ireland,Member State,5592841,0,5592841
2024,Ireland,Member State,1108647,0,1108647
2024,Ireland,Member State,6493506,0,6493506
2024,Ireland,Member State,3247926,0,3247926
2024,Ireland,Member State,3456225,0,3456225
2024,Ireland,Member State,544662,0,544662
2024,Ireland,Member State,1095290,0,1095290
2024,Ireland,Member State,527426,0,527426
2024,Italy,Member State,4721930,0,4721930
2024,Italy,Member State,3282275,0,3282275
2024,Italy,Member State,6401608,0,6401608
2024,Italy,Member State,1083423,0,1083423
2024,Italy,Member State,4721930,0,4721930
2024,Italy,Member State,4721930,0,4721930
2024,Italy,Member State,4721930,0,4721930
2024,Japan,Member State,600000,0,600000
2024,Japan,Member State,800000,0,800000
2024,Japan,Member State,500000,0,500000
2024,Japan,Member State,61661,0,61661
2024,Japan,Member State,300000,0,300000
2024,Japan,Member State,300000,0,300000
2024,Japan,Member State,300000,0,300000
2024,Jersey,Member State,235552,0,235552
2024,Jersey,Member State,146866,0,146866
2024,Jersey,Member State,238549,0,238549
2024,Jersey,Member State,238549,0,238549
2024,Kenya,Member State,1012020,0,1012020
2024,Republic of Korea,Member State,3000000,0,3000000
2024,Republic of Korea,Member State,2500000,0,2500000
2024,Republic of Korea,Member State,2000000,0,2000000
2024,Republic of Korea,Member State,5000000,0,5000000
2024,Republic of Korea,Member State,2500000,0,2500000
2024,Republic of Korea,Member State,10000000,0,10000000
2024,Republic of Korea,Member State,2000000,0,2000000
2024,Republic of Korea,Member State,3200000,0,3200000
2024,Republic of Korea,Member State,2000000,0,2000000
2024,Republic of Korea,Member State,2000000,0,2000000
2024,Republic of Korea,Member State,2000000,0,2000000
2024,Kuwait,Member State,500000,0,500000
2024,Kuwait,Member State,1250000,0,1250000
2024,Latvia,Member State,20986,0,20986
2024,Latvia,Member State,20986,0,20986
2024,Lithuania,Member State,219058,0,219058
2024,Luxembourg,Member State,273522,0,273522
2024,Luxembourg,Member State,537235,0,537235
2024,Luxembourg,Member State,273522,0,273522
2024,Luxembourg,Member State,959176,0,959176
2024,Luxembourg,Member State,437636,0,437636
2024,Luxembourg,Member State,589977,0,589977
2024,Luxembourg,Member State,273522,0,273522
2024,Luxembourg,Member State,273522,0,273522
2024,Luxembourg,Member State,273522,0,273522
2024,Luxembourg,Member State,273522,0,273522
2024,Luxembourg,Member State,273522,0,273522
2024,Luxembourg,Member State,656454,0,656454
2024,Luxembourg,Member State,273522,0,273522
2024,Luxembourg,Member State,273522,0,273522
2024,Luxembourg,Member State,537235,0,537235
2024,Luxembourg,Member State,316455,0,316455
2024,Luxembourg,Member State,263713,0,263713
2024,Luxembourg,Member State,263713,0,263713
2024,Malaysia,Member State,100000,0,100000
2024,Malta,Member State,42780,0,42780
2024,Monaco,Member State,44742,0,44742
2024,Netherlands,Member State,16077170,0,16077170
2024,Netherlands,Member State,10718112,0,10718112
2024,Netherlands,Member State,10718113,0,10718113
2024,Netherlands,Member State,10718112,0,10718112
2024,Netherlands,Member State,8574490,0,8574490
2024,Netherlands,Member State,10718112,0,10718112
2024,Netherlands,Member State,4287245,0,4287245
2024,Netherlands,Member State,16077170,0,16077170
2024,Netherlands,Member State,10718113,0,10718113
2024,Netherlands,Member State,8574490,0,8574490
2024,Netherlands,Member State,5359056,0,5359056
2024,New Zealand,Member State,924021,0,924021
2024,New Zealand,Member State,4058126,0,4058126
2024,New Zealand,Member State,4470319,0,4470319
2024,Norway,Member State,1881183,0,1881183
2024,Norway,Member State,846532,0,846532
2024,Norway,Member State,2022272,0,2022272
2024,Norway,Member State,912663,0,912663
2024,Norway,Member State,1852527,0,1852527
2024,Norway,Member State,1693065,0,1693065
2024,Norway,Member State,11700574,0,11700574
2024,Norway,Member State,9055474,0,9055474
2024,Norway,Member State,4451220,0,4451220
2024,Norway,Member State,1885157,0,1885157
2024,Norway,Member State,3129882,0,3129882
2024,Norway,Member State,18585200,0,18585200
2024,Norway,Member State,470295,0,470295
2024,Norway,Member State,564355,0,564355
2024,Norway,Member State,1699248,0,1699248
2024,Norway,Member State,705443,0,705443
2024,Norway,Member State,376236,0,376236
2024,Norway,Member State,752473,0,752473
2024,Norway,Member State,376236,0,376236
2024,Panama,Member State,10000,0,10000
2024,Philippines,Member State,100000,0,100000
2024,Poland,Member State,1000000,0,1000000
2024,Portugal,Member State,54704,0,54704
2024,Portugal,Member State,54704,0,54704
2024,Portugal,Member State,218818,0,218818
2024,Portugal,Member State,54704,0,54704
2024,Portugal,Member State,273522,0,273522
2024,PRIVATE SECTOR,Private,2698,0,2698
2024,PRIVATE SECTOR,Private,22578,0,22578
2024,PRIVATE SECTOR,Private,9844,0,9844
2024,PRIVATE SECTOR,Private,1935324,0,1935324
2024,PRIVATE SECTOR,Private,59540,0,59540
2024,PRIVATE SECTOR,Private,12413,0,12413
2024,PRIVATE SECTOR,Private,1484817,0,1484817
2024,PRIVATE SECTOR,Private,2552,0,2552
2024,Qatar,Member State,4961843,0,4961843
2024,San Marino,Member State,10729,0,10729
2024,Saudi Arabia,Member State,2999985,0,2999985
2024,Spain,Member State,1054852,0,1054852
2024,Spain,Member State,942350,0,942350
2024,Spain,Member State,1940133,0,1940133
2024,Spain,Member State,1265822,0,1265822
2024,Spain,Member State,1662971,0,1662971
2024,Spain,Member State,554323,0,554323
2024,Spain,Member State,554323,0,554323
2024,Sweden,Member State,6758777,0,6758777
2024,Sweden,Member State,1448309,0,1448309
2024,Sweden,Member State,4827698,0,4827698
2024,Sweden,Member State,3862158,0,3862158
2024,Sweden,Member State,3817753,0,3817753
2024,Sweden,Member State,6746123,0,6746123
2024,Sweden,Member State,1448309,0,1448309
2024,Sweden,Member State,2746207,0,2746207
2024,Sweden,Member State,8193012,0,8193012
2024,Sweden,Member State,2896619,0,2896619
2024,Sweden,Member State,2896619,0,2896619
2024,Sweden,Member State,1325755,0,1325755
2024,Sweden,Member State,3282834,0,3282834
2024,Sweden,Member State,1255201,0,1255201
2024,Sweden,Member State,2896619,0,2896619
2024,Sweden,Member State,1351755,0,1351755
2024,Sweden,Member State,965539,0,965539
2024,Switzerland,Member State,4336317,0,4336317
2024,Switzerland,Member State,1104972,0,1104972
2024,Switzerland,Member State,1548387,0,1548387
2024,Switzerland,Member State,5863525,0,5863525
2024,Switzerland,Member State,1199156,0,1199156
2024,Switzerland,Member State,2284350,0,2284350
2024,Switzerland,Member State,4830952,0,4830952
2024,Switzerland,Member State,7996066,0,7996066
2024,Switzerland,Member State,1535848,0,1535848
2024,Switzerland,Member State,4614901,0,4614901
2024,Switzerland,Member State,2829331,0,2829331
2024,Switzerland,Member State,3267973,0,3267973
2024,Switzerland,Member State,696864,0,696864
2024,Switzerland,Member State,4218928,0,4218928
2024,Switzerland,Member State,4476983,0,4476983
2024,Switzerland,Member State,1716390,0,1716390
2024,Switzerland,Member State,1732101,0,1732101
2024,Switzerland,Member State,1716390,0,1716390
2024,Switzerland,Member State,453001,0,453001
2024,Switzerland,Member State,1065759,0,1065759
2024,Thailand,Member State,20000,0,20000
2024,"UN, NGOs and other entities",Private,1380,0,1380
2024,United Arab Emirates,Member State,5000000,0,5000000
2024,United Kingdom,Member State,10117004,0,10117004
2024,United Kingdom,Member State,3768844,0,3768844
2024,United Kingdom,Member State,5817961,0,5817961
2024,United Kingdom,Member State,3217828,0,3217828
2024,United Kingdom,Member State,15234964,0,15234964
2024,United Kingdom,Member State,63987376,0,63987376
2024,United Kingdom,Member State,4424778,0,4424778
2024,United Kingdom,Member State,4537455,0,4537455
2024,United Kingdom,Member State,17190276,0,17190276
2024,United Kingdom,Member State,43661444,0,43661444
2024,United Kingdom,Member State,17860120,0,17860120
2024,United Kingdom,Member State,3349317,0,3349317
2024,United States of America,Member State,10000000,0,10000000
2024,United States of America,Member State,22000000,0,22000000
2024,United States of America,Member State,2000000,0,2000000
2024,United States of America,Member State,5000000,0,5000000
2024,United States of America,Member State,1000000,0,1000000
2024,United States of America,Member State,1500000,0,1500000
2024,Private Contributions,Private Contributions through UNF,120160,0,120160
2024,Private Contributions,Private Contributions through UNF,14678,0,14678
2024,Private Contributions,Private Contributions through UNF,23545,0,23545
2024,Private Contributions,Private Contributions through UNF,6552,0,6552
2024,Private Contributions,Private Contributions through UNF,78,0,78
2024,Private Contributions,Private Contributions through UNF,261022,0,261022
2024,Private Contributions,Private Contributions through UNF,140645,0,140645
2024,Private Contributions,Private Contributions through UNF,500,0,500
2024,Private Contributions,Private Contributions through UNF,44940,0,44940
2024,Private Contributions,Private Contributions through UNF,577201,0,577201
2024,Private Contributions,Private Contributions through UNF,589,0,589
2025,Australia,Member State,6345907,0,6345907
2025,Australia,Member State,3093030,0,3093030
2025,Australia,Member State,7388880,0,7388880
2025,Australia,Member State,1924014,0,1924014
2025,Australia,Member State,1282676,0,1282676
2025,Belgium,Member State,12323943,0,12323943
2025,Belgium,Member State,3521126,0,3521126
2025,Belgium,Member State,9683098,0,9683098
2025,Belgium,Member State,2934272,0,2934272
2025,Belgium,Member State,11737089,0,11737089
2025,Belgium,Member State,3521126,0,3521126
2025,Belgium,Member State,3521126,0,3521126
2025,Belgium,Member State,3521126,0,3521126
2025,Canada,Member State,2838180,0,2838180
2025,Canada,Member State,363512,0,363512
2025,Canada,Member State,3600162,0,3600162
2025,Canada,Member State,3635121,0,3635121
2025,Canada,Member State,3223040,0,3223040
2025,Canada,Member State,3258401,0,3258401
2025,Canada,Member State,1454048,0,1454048
2025,Canada,Member State,8885144,0,8885144
2025,Canada,Member State,3635121,0,3635121
2025,Canada,Member State,2544229,0,2544229
2025,Canada,Member State,9487776,0,9487776
2025,Canada,Member State,3565204,0,3565204
2025,Canada,Member State,1090536,0,1090536
2025,Canada,Member State,2843813,0,2843813
2025,Canada,Member State,727024,0,727024
2025,Canada,Member State,363512,0,363512
2025,Canada,Member State,363512,0,363512
2025,Canada,Member State,363512,0,363512
2025,Catalan Agency for Development Cooperation,Regional/ Local Authorities,227272,0,227272
2025,Cyprus,Member State,117000,0,117000
2025,Denmark,Member State,4660974,0,4660974
2025,Denmark,Member State,5463690,0,5463690
2025,Denmark,Member State,4707842,0,4707842
2025,Denmark,Member State,3380650,0,3380650
2025,Denmark,Member State,6291866,0,6291866
2025,Denmark,Member State,9176680,0,9176680
2025,Denmark,Member State,4707864,0,4707864
2025,Denmark,Member State,6168125,0,6168125
2025,Denmark,Member State,5899246,0,5899246
2025,Denmark,Member State,5474122,0,5474122
2025,Denmark,Member State,501331,0,501331
2025,Denmark,Member State,2653166,0,2653166
2025,Denmark,Member State,1503994,0,1503994
2025,Estonia,Member State,29205,0,29205
2025,Estonia,Member State,31250,0,31250
2025,European Commission,Member State,6688963,0,6688963
2025,European Commission,Member State,2006688,0,2006688
2025,European Commission,Member State,557413,0,557413
2025,Finland,Member State,4641035,0,4641035
2025,Finland,Member State,3409090,0,3409090
2025,France,Member State,585480,0,585480
2025,France,Member State,292740,0,292740
2025,France,Member State,292740,0,292740
2025,France,Member State,585480,0,585480
2025,France,Member State,585480,0,585480
2025,France,Member State,292740,0,292740
2025,France,Member State,1170960,0,1170960
2025,Germany,Member State,3488522,0,3488522
2025,Germany,Member State,2215374,0,2215374
2025,Germany,Member State,2604166,0,2604166
2025,Germany,Member State,6376557,0,6376557
2025,Germany,Member State,2083333,0,2083333
2025,Germany,Member State,12739875,0,12739875
2025,Germany,Member State,1041666,0,1041666
2025,Germany,Member State,5208333,0,5208333
2025,Germany,Member State,1173708,0,1173708
2025,Germany,Member State,25047273,0,25047273
2025,Germany,Member State,586854,0,586854
2025,Germany,Member State,3125000,0,3125000
2025,Germany,Member State,1041666,0,1041666
2025,Germany,Member State,1458332,0,1458332
2025,Germany,Member State,2604166,0,2604166
2025,Germany,Member State,586854,0,586854
2025,Germany,Member State,2215374,0,2215374
2025,Greece,Member State,58548,0,58548
2025,Iceland,Member State,317581,0,317581
2025,Iceland,Member State,486852,0,486852
2025,Iceland,Member State,704357,0,704357
2025,Iceland,Member State,852039,0,852039
2025,Iceland,Member State,486852,0,486852
2025,Iceland,Member State,699271,0,699271
2025,Iceland,Member State,328278,0,328278
2025,Iceland,Member State,246209,0,246209
2025,Ireland,Member State,3125000,0,3125000
2025,Ireland,Member State,4391506,0,4391506
2025,Ireland,Member State,4310344,0,4310344
2025,Ireland,Member State,3602271,0,3602271
2025,Ireland,Member State,2693965,0,2693965
2025,Ireland,Member State,1616379,0,1616379
2025,Ireland,Member State,1114827,0,1114827
2025,Ireland,Member State,3061132,0,3061132
2025,Ireland,Member State,7124042,0,7124042
2025,Ireland,Member State,4310344,0,4310344
2025,Ireland,Member State,4310344,0,4310344
2025,Ireland,Member State,5875440,0,5875440
2025,Ireland,Member State,1135073,0,1135073
2025,Ireland,Member State,7033997,0,7033997
2025,Ireland,Member State,2787068,0,2787068
2025,Ireland,Member State,567536,0,567536
2025,Ireland,Member State,851305,0,851305
2025,Ireland,Member State,851305,0,851305
2025,Ireland,Member State,1135073,0,1135073
2025,Ireland,Member State,1173708,0,1173708
2025,Ireland,Member State,1135073,0,1135073
2025,Italy,Member State,2890173,0,2890173
2025,Italy,Member State,2336448,0,2336448
2025,Italy,Member State,1172332,0,1172332
2025,Italy,Member State,4624277,0,4624277
2025,Japan,Member State,53197,0,53197
2025,Japan,Member State,500000,0,500000
2025,Japan,Member State,375000,0,375000
2025,Jersey,Member State,236742,0,236742
2025,Jersey,Member State,495400,0,495400
2025,Jersey,Member State,236742,0,236742
2025,Jersey,Member State,236742,0,236742
2025,Republic of Korea,Member State,1000000,0,1000000
2025,Republic of Korea,Member State,10000000,0,10000000
2025,Republic of Korea,Member State,1000000,0,1000000
2025,Republic of Korea,Member State,2500000,0,2500000
2025,Kuwait,Member State,1250000,0,1250000
2025,Kuwait,Member State,1500000,0,1500000
2025,Kuwait,Member State,1250000,0,1250000
2025,Kuwait,Member State,500000,0,500000
2025,Liechtenstein,Member State,125470,0,125470
2025,Luxembourg,Member State,361944,0,361944
2025,Luxembourg,Member State,361944,0,361944
2025,Luxembourg,Member State,361944,0,361944
2025,Luxembourg,Member State,651295,0,651295
2025,Luxembourg,Member State,361944,0,361944
2025,Luxembourg,Member State,361944,0,361944
2025,Luxembourg,Member State,1520692,0,1520692
2025,Luxembourg,Member State,361944,0,361944
2025,Luxembourg,Member State,361944,0,361944
2025,Luxembourg,Member State,361944,0,361944
2025,Luxembourg,Member State,361944,0,361944
2025,Luxembourg,Member State,361944,0,361944
2025,Luxembourg,Member State,361944,0,361944
2025,Luxembourg,Member State,361944,0,361944
2025,Luxembourg,Member State,579374,0,579374
2025,Luxembourg,Member State,837905,0,837905
2025,Malta,Member State,46838,0,46838
2025,Monaco,Member State,56753,0,56753
2025,Netherlands,Member State,11467889,0,11467889
2025,Netherlands,Member State,11008205,0,11008205
2025,Netherlands,Member State,10321100,0,10321100
2025,Netherlands,Member State,16907703,0,16907703
2025,Netherlands,Member State,35494572,0,35494572
2025,Netherlands,Member State,9585606,0,9585606
2025,Netherlands,Member State,10732395,0,10732395
2025,Netherlands,Member State,6880733,0,6880733
2025,Netherlands,Member State,17543859,0,17543859
2025,Netherlands,Member State,10548523,0,10548523
2025,Netherlands,Member State,6880733,0,6880733
2025,Netherlands,Member State,4587155,0,4587155
2025,Netherlands,Member State,5733944,0,5733944
2025,New Zealand,Member State,895602,0,895602
2025,New Zealand,Member State,2800114,0,2800114
2025,New Zealand,Member State,2388273,0,2388273
2025,Norway,Member State,1877531,0,1877531
2025,Norway,Member State,2443257,0,2443257
2025,Norway,Member State,1275068,0,1275068
2025,Norway,Member State,1275068,0,1275068
2025,Norway,Member State,784657,0,784657
2025,Norway,Member State,12539862,0,12539862
2025,Norway,Member State,4422033,0,4422033
2025,Norway,Member State,980822,0,980822
2025,Norway,Member State,686575,0,686575
2025,Norway,Member State,23579460,0,23579460
2025,Norway,Member State,2440324,0,2440324
2025,Norway,Member State,590655,0,590655
2025,Norway,Member State,1083951,0,1083951
2025,Norway,Member State,886344,0,886344
2025,Norway,Member State,490411,0,490411
2025,Norway,Member State,1874377,0,1874377
2025,Philippines,Member State,20000,0,20000
2025,Philippines,Member State,20000,0,20000
2025,Philippines,Member State,20000,0,20000
2025,Philippines,Member State,100000,0,100000
2025,Poland,Member State,2071748,0,2071748
2025,Portugal,Member State,70422,0,70422
2025,Portugal,Member State,346820,0,346820
2025,Portugal,Member State,58685,0,58685
2025,Portugal,Member State,528169,0,528169
2025,Portugal,Member State,70422,0,70422
2025,Portugal,Member State,229095,0,229095
2025,Portugal,Member State,158450,0,158450
2025,Portugal,Member State,158450,0,158450
2025,Portugal,Member State,70422,0,70422
2025,PRIVATE SECTOR,Private,15404,0,15404
2025,PRIVATE SECTOR,Private,35832,0,35832
2025,Saudi Arabia,Member State,3000000,0,3000000
2025,Spain,Member State,1135073,0,1135073
2025,Spain,Member State,1135073,0,1135073
2025,Spain,Member State,382629,0,382629
2025,Spain,Member State,1986379,0,1986379
2025,Spain,Member State,1929625,0,1929625
2025,Spain,Member State,1362088,0,1362088
2025,Spain,Member State,567536,0,567536
2025,Spain,Member State,567536,0,567536
2025,Sweden,Member State,4573677,0,4573677
2025,Sweden,Member State,3977110,0,3977110
2025,Sweden,Member State,2485694,0,2485694
2025,Sweden,Member State,1988555,0,1988555
2025,Sweden,Member State,4251348,0,4251348
2025,Sweden,Member State,1889127,0,1889127
2025,Sweden,Member State,17439906,0,17439906
2025,Sweden,Member State,7449581,0,7449581
2025,Sweden,Member State,1988555,0,1988555
2025,Sweden,Member State,2982833,0,2982833
2025,Sweden,Member State,1690272,0,1690272
2025,Sweden,Member State,2485694,0,2485694
2025,Sweden,Member State,1292560,0,1292560
2025,Sweden,Member State,1690272,0,1690272
2025,Sweden,Member State,497138,0,497138
2025,Switzerland,Member State,4110679,0,4110679
2025,Switzerland,Member State,1877346,0,1877346
2025,Switzerland,Member State,4211261,0,4211261
2025,Switzerland,Member State,546448,0,546448
2025,Switzerland,Member State,2365816,0,2365816
2025,Switzerland,Member State,1538355,0,1538355
2025,Switzerland,Member State,1463204,0,1463204
2025,Switzerland,Member State,7314584,0,7314584
2025,Switzerland,Member State,20051945,0,20051945
2025,Switzerland,Member State,1783234,555557,2338791
2025,Switzerland,Member State,1251564,0,1251564
2025,Switzerland,Member State,3329175,0,3329175
2025,Switzerland,Member State,3397508,0,3397508
2025,Switzerland,Member State,655737,0,655737
2025,Switzerland,Member State,3260598,0,3260598
2025,Switzerland,Member State,1231527,0,1231527
2025,Switzerland,Member State,1231527,0,1231527
2025,Switzerland,Member State,1315136,0,1315136
2025,"UN, NGOs and other entities",Private,214095,0,214095
2025,"UN, NGOs and other entities",Private,446,0,446
2025,"UN, NGOs and other entities",Private,26977,0,26977
2025,"UN, NGOs and other entities",Private,5338,0,5338
2025,"UN, NGOs and other entities",Private,39649,0,39649
2025,"UN, NGOs and other entities",Private,227186,0,227186
2025,"UN, NGOs and other entities",Private,2988,0,2988
2025,"UN, NGOs and other entities",Private,2042482,0,2042482
2025,"UN, NGOs and other entities",Private,100134,0,100134
2025,"UN, NGOs and other entities",Private,27345,0,27345
2025,"UN, NGOs and other entities",Private,3681,0,3681
2025,"UN, NGOs and other entities",Private,16554,0,16554
2025,"UN, NGOs and other entities",Private,1291454,0,1291454
2025,"UN, NGOs and other entities",Private,19005,0,19005
2025,"UN, NGOs and other entities",Private,18535,0,18535
2025,"UN, NGOs and other entities",Private,3606,0,3606
2025,"UN, NGOs and other entities",Private,1042,0,1042
2025,"UN, NGOs and other entities",Private,5274,0,5274
2025,"UN, NGOs and other entities",Private,5598,0,5598
2025,"UN, NGOs and other entities",Private,140,0,140
2025,United Kingdom,Member State,6756756,0,6756756
2025,United Kingdom,Member State,6720430,0,6720430
2025,United Kingdom,Member State,5494505,0,5494505
2025,United Kingdom,Member State,7067923,0,7067923
2025,United Kingdom,Member State,17799617,0,17799617
2025,United Kingdom,Member State,50487581,0,50487581
2025,United Kingdom,Member State,1356852,0,1356852
2025,United Kingdom,Member State,3787878,0,3787878
2025,United Kingdom,Member State,5056890,0,5056890
2025,United Kingdom,Member State,26720690,0,26720690
2025,United Kingdom,Member State,2528445,0,2528445
2025,United Kingdom,Member State,1600000,0,1600000
2025,United Kingdom,Member State,657894,0,657894
2025,Private Contributions,Private Contributions through UNF,2024594,0,2024594
2025,Qatar Charity,Private,0,1000000,1000000
2025,Qatar Charity,Private,0,1000000,1000000
2025,Scotland,Private,789473,0,789473
2025,Pakistan HF,Private,514459,0,514459
2026,Australia,Member State,2683873,0,2683873
2026,Australia,Member State,9758465,0,9758465
2026,Belgium,Member State,0,9976525,9976525
2026,Belgium,Member State,0,2347417,2347417
2026,Belgium,Member State,0,4694835,4694835
2026,Belgium,Member State,0,2934272,2934272
2026,Belgium,Member State,0,8215962,8215962
2026,Belgium,Member State,0,3521126,3521126
2026,Belgium,Member State,0,3521126,3521126
2026,Belgium,Member State,0,3521126,3521126
2026,Canada,Member State,0,974025,974025
2026,Canada,Member State,0,108225,108225
2026,Canada,Member State,0,1815476,1815476
2026,Canada,Member State,0,2183123,2183123
2026,Canada,Member State,0,1824441,1824441
2026,Canada,Member State,0,1900039,1900039
2026,Canada,Member State,0,910151,910151
2026,Canada,Member State,0,7318456,7318456
2026,Canada,Member State,0,1447828,1447828
2026,Canada,Member State,0,1086388,1086388
2026,Canada,Member State,0,2548011,2548011
2026,Canada,Member State,0,2918417,2918417
2026,Canada,Member State,0,728397,728397
2026,Canada,Member State,0,1204269,1204269
2026,Canada,Member State,0,546642,546642
2026,Canada,Member State,0,108225,108225
2026,Canada,Member State,0,365577,365577
2026,Canada,Member State,0,367647,367647
2026,Canada,Member State,0,733225,733225
2026,Canada,Member State,0,367647,367647
2026,Cyprus,Member State,0,113608,113608
2026,Cyprus,Member State,115000,0,115000
2026,Denmark,Member State,0,5401234,5401234
2026,Denmark,Member State,0,3086419,3086419
2026,Denmark,Member State,0,2314814,2314814
2026,Denmark,Member State,0,4629629,4629629
2026,Denmark,Member State,0,9259259,9259259
2026,Denmark,Member State,6989355,0,6989355
2026,Denmark,Member State,0,5401234,5401234
2026,Finland,Member State,5767012,0,5767012
2026,Finland,Member State,3460207,0,3460207
2026,Finland,Member State,5767012,0,5767012
2026,Finland,Member State,3460207,0,3460207
2026,Finland,Member State,3460207,0,3460207
2026,Germany,Member State,2378121,0,2378121
2026,Germany,Member State,2378121,0,2378121
2026,Germany,Member State,2378121,0,2378121
2026,Germany,Member State,3567181,0,3567181
2026,Germany,Member State,3567181,2317497,5884678
2026,Germany,Member State,2378121,0,2378121
2026,Germany,Member State,2972651,0,2972651
2026,Germany,Member State,9512485,0,9512485
2026,Germany,Member State,2378121,0,2378121
2026,Germany,Member State,2378121,0,2378121
2026,Germany,Member State,3567181,0,3567181
2026,Greece,Member State,0,346020,346020
2026,Ireland,Member State,3436426,0,3436426
2026,Ireland,Member State,2290950,0,2290950
2026,Ireland,Member State,0,1730103,1730103
2026,Ireland,Member State,590318,0,590318
2026,Italy,Member State,2290950,0,2290950
2026,Japan,Member State,40000,0,40000
2026,Japan,Member State,333333,0,333333
2026,Japan,Member State,100000,0,100000
2026,Jersey,Member State,276679,0,276679
2026,Jersey,Member State,138339,0,138339
2026,Jersey,Member State,276679,0,276679
2026,Jersey,Member State,276679,0,276679
2026,Kuwait,Member State,0,1500000,1500000
2026,Kuwait,Member State,0,1250000,1250000
2026,Kuwait,Member State,0,500000,500000
2026,Luxembourg,Member State,0,347624,347624
2026,Luxembourg,Member State,0,347624,347624
2026,Luxembourg,Member State,0,289687,289687
2026,Luxembourg,Member State,0,347624,347624
2026,Luxembourg,Member State,0,347624,347624
2026,Luxembourg,Member State,0,347624,347624
2026,Luxembourg,Member State,0,289687,289687
2026,Luxembourg,Member State,0,347624,347624
2026,Luxembourg,Member State,0,347624,347624
2026,Luxembourg,Member State,0,347624,347624
2026,Luxembourg,Member State,0,347624,347624
2026,Luxembourg,Member State,0,347624,347624
2026,Monaco,Member State,0,114547,114547
2026,New Zealand,Member State,1418462,0,1418462
2026,Norway,Member State,0,1534212,1534212
2026,Philippines,Member State,0,100000,100000
2026,Portugal,Member State,359281,0,359281
2026,PRIVATE SECTOR,Private,300,0,300
2026,PRIVATE SECTOR,Private,0,10000,10000
2026,Saudi Arabia,Member State,0,3000000,3000000
2026,Sweden,Member State,2985662,0,2985662
2026,Sweden,Member State,3198924,0,3198924
2026,Sweden,Member State,2559139,0,2559139
2026,Sweden,Member State,2132616,0,2132616
2026,Sweden,Member State,2239247,0,2239247
2026,Sweden,Member State,1812723,0,1812723
2026,Sweden,Member State,3732078,0,3732078
2026,Sweden,Member State,3198924,0,3198924
2026,Sweden,Member State,2132616,0,2132616
2026,Sweden,Member State,2132616,0,2132616
2026,Sweden,Member State,4478494,0,4478494
2026,Sweden,Member State,2665770,0,2665770
2026,Sweden,Member State,1386200,0,1386200
2026,Sweden,Member State,2132616,0,2132616
2026,Switzerland,Member State,1953125,0,1953125
2026,Switzerland,Member State,0,1877346,1877346
2026,Switzerland,Member State,624219,0,624219
2026,Switzerland,Member State,3012482,0,3012482
2026,Switzerland,Member State,846354,187734,1034088
2026,Switzerland,Member State,3875968,0,3875968
2026,Switzerland,Member State,0,3397508,3397508
2026,Switzerland,Member State,750938,0,750938
2026,Thailand,Member State,10000,0,10000
2026,United Arab Emirates,Member State,5000000,0,5000000
2026,United Kingdom,Member State,4032258,0,4032258
2026,United Kingdom,Member State,5347593,0,5347593
2026,United Kingdom,Member State,4216314,0,4216314
2026,United Kingdom,Member State,2766251,1317523,4083774
2026,United Kingdom,Member State,0,3880983,3880983
2026,United Kingdom,Member State,10304287,873655,11177942
2026,United Kingdom,Member State,12299465,0,12299465
2026,United Kingdom,Member State,1612903,0,1612903
2026,United Kingdom,Member State,254525,0,254525
2026,United States of America,Member State,150000000,0,150000000
2026,United States of America,Member State,100000000,0,100000000
2026,United States of America,Member State,140000000,0,140000000
2026,United States of America,Member State,125000000,0,125000000
2026,United States of America,Member State,200000000,0,200000000
2026,United States of America,Member State,100000000,0,100000000
2026,United States of America,Member State,150000000,0,150000000
2026,United States of America,Member State,155000000,0,155000000
2026,United States of America,Member State,100000000,0,100000000
2026,United States of America,Member State,125000000,0,125000000
2026,United States of America,Member State,80000000,0,80000000
2026,United States of America,Member State,100000000,0,100000000
2026,United States of America,Member State,150000000,0,150000000
2026,United States of America,Member State,25000000,0,25000000
2026,United States of America,Member State,60000000,0,60000000
2026,United States of America,Member State,65000000,0,65000000
2026,United States of America,Member State,50000000,0,50000000
2026,United States of America,Member State,75000000,0,75000000
2026,Private Contributions,Private Contributions through UNF,5052,110000,115052